portfolio,candidate_id,source,valid_for_production,metrics_valid,invalid_reason,target_pass,cagr,cagr_target,cagr_gap_pp,max_dd,max_dd_target,max_dd_gap_pp,sharpe,avg_turnover_monthly,governance_action,distance_to_target_pp,rank_score,notes,params
concentrated,concentrated_position_risk_proxy,sidecar:outputs/concentrated_position_risk_replay/metrics.json,False,True,,False,0.5051731637764985,0.5,0.0,-0.2148575524669044,-0.18,3.4858,1.8656103241724777,,needs_drawdown_reduction,3.4858,-3.0077271421705647,Monthly proxy for concentrated position-level hard stops. Target pass here requires weekly/intramonth confirmation before promotion.,"{""data_mode"": ""concentrated_monthly_position_proxy"", ""defensive_holdings_path"": ""/home/runner/work/r1000-quant-engine/r1000-quant-engine/outputs/concentrated_position_risk_replay/defensive_holdings.csv"", ""hard_stop"": -0.08, ""latest_defensive_holdings_path"": ""/home/runner/work/r1000-quant-engine/r1000-quant-engine/outputs/concentrated_position_risk_replay/defensive_latest.csv"", ""list_defense_mode"": ""hard_stop_to_cash_proxy"", ""metric_mode"": ""hard_stop_proxy"", ""proxy_warning"": ""Monthly position-loss capping is not execution evidence; validate with weekly/intramonth prices before promotion.""}"
concentrated,concentrated_grid_N1_conviction_curve_I3,latest_run_report:outputs/reports/concentrated_strategy_comparison.csv,False,True,,False,0.45032533816373177,0.5,4.9675,-0.1573645389824041,-0.18,0.0,1.1345778925479435,0.23170731707317074,needs_alpha_boost,4.9675,-4.541658649306854,Historical concentrated grid; needs cap/timing/risk review before production.,"{""policy_mode"": ""fixed_interval"", ""rebalance_interval_months"": ""3"", ""sleeve_role"": ""concentrated_alpha"", ""sleeve_test"": ""future_early_concentrated"", ""target_stock_names"": ""1"", ""weighting_mode"": ""conviction_curve""}"
concentrated,concentrated_grid_N1_winner_take_all_I3,latest_run_report:outputs/reports/concentrated_strategy_comparison.csv,False,True,,False,0.45032533816373177,0.5,4.9675,-0.1573645389824041,-0.18,0.0,1.1345778925479435,0.23170731707317074,needs_alpha_boost,4.9675,-4.541658649306854,Historical concentrated grid; needs cap/timing/risk review before production.,"{""policy_mode"": ""fixed_interval"", ""rebalance_interval_months"": ""3"", ""sleeve_role"": ""concentrated_alpha"", ""sleeve_test"": ""future_early_concentrated"", ""target_stock_names"": ""1"", ""weighting_mode"": ""winner_take_all""}"
concentrated,concentrated_grid_N1_score_power_I3,latest_run_report:outputs/reports/concentrated_strategy_comparison.csv,False,True,,False,0.45032533816373177,0.5,4.9675,-0.1573645389824041,-0.18,0.0,1.1345778925479435,0.23170731707317074,needs_alpha_boost,4.9675,-4.541658649306854,Historical concentrated grid; needs cap/timing/risk review before production.,"{""policy_mode"": ""fixed_interval"", ""rebalance_interval_months"": ""3"", ""sleeve_role"": ""concentrated_alpha"", ""sleeve_test"": ""future_early_concentrated"", ""target_stock_names"": ""1"", ""weighting_mode"": ""score_power""}"
concentrated,concentrated_grid_N3_winner_take_all_I3,latest_run_report:outputs/reports/concentrated_strategy_comparison.csv,False,True,,False,0.4264628653292062,0.5,7.3537,-0.13805369451261917,-0.18,0.0,1.5415901909767045,0.2945917308126895,needs_alpha_boost,7.3537,-6.937834906284427,Historical concentrated grid; needs cap/timing/risk review before production.,"{""policy_mode"": ""fixed_interval"", ""rebalance_interval_months"": ""3"", ""sleeve_role"": ""concentrated_alpha"", ""sleeve_test"": ""future_early_concentrated"", ""target_stock_names"": ""3"", ""weighting_mode"": ""winner_take_all""}"
concentrated,concentrated_latest_champion,latest_run:outputs/concentrated_backtest_metrics.json,False,True,,False,0.47597488953319833,0.5,2.4025,-0.23015009568571,-0.18,5.015,1.7801446965137586,,blocked_both,7.4175,-6.974987860493406,"Legacy target-weight concentrated artifact. Useful for research comparison, but not production-compatible after broker-ledger replay is available.",{}
concentrated,concentrated_grid_N3_score_power_I1,latest_run_report:outputs/reports/concentrated_strategy_comparison.csv,False,True,,False,0.47597488953319833,0.5,2.4025,-0.23015009568571,-0.18,5.015,1.7801446965137586,0.6732389129543324,blocked_both,7.4175,-6.974987860493406,Historical concentrated grid; needs cap/timing/risk review before production.,"{""policy_mode"": ""fixed_interval"", ""rebalance_interval_months"": ""1"", ""sleeve_role"": ""concentrated_alpha"", ""sleeve_test"": ""future_early_concentrated"", ""target_stock_names"": ""3"", ""weighting_mode"": ""score_power""}"
concentrated,concentrated_grid_N3_score_power_I3,latest_run_report:outputs/reports/concentrated_strategy_comparison.csv,False,True,,False,0.4180335212979367,0.5,8.1966,-0.15066686704595622,-0.18,0.0,1.5689891113517611,0.29597450726269364,needs_alpha_boost,8.1966,-7.792434626795146,Historical concentrated grid; needs cap/timing/risk review before production.,"{""policy_mode"": ""fixed_interval"", ""rebalance_interval_months"": ""3"", ""sleeve_role"": ""concentrated_alpha"", ""sleeve_test"": ""future_early_concentrated"", ""target_stock_names"": ""3"", ""weighting_mode"": ""score_power""}"
concentrated,concentrated_grid_N2_conviction_curve_I3,latest_run_report:outputs/reports/concentrated_strategy_comparison.csv,False,True,,False,0.4156554362949041,0.5,8.4345,-0.1585990005641067,-0.18,0.0,1.427638200001508,0.2879499765597723,needs_alpha_boost,8.4345,-8.037827870383888,Historical concentrated grid; needs cap/timing/risk review before production.,"{""policy_mode"": ""fixed_interval"", ""rebalance_interval_months"": ""3"", ""sleeve_role"": ""concentrated_alpha"", ""sleeve_test"": ""future_early_concentrated"", ""target_stock_names"": ""2"", ""weighting_mode"": ""conviction_curve""}"
concentrated,concentrated_grid_N2_winner_take_all_I3,latest_run_report:outputs/reports/concentrated_strategy_comparison.csv,False,True,,False,0.4156554362949041,0.5,8.4345,-0.1585990005641067,-0.18,0.0,1.427638200001508,0.2879499765597723,needs_alpha_boost,8.4345,-8.037827870383888,Historical concentrated grid; needs cap/timing/risk review before production.,"{""policy_mode"": ""fixed_interval"", ""rebalance_interval_months"": ""3"", ""sleeve_role"": ""concentrated_alpha"", ""sleeve_test"": ""future_early_concentrated"", ""target_stock_names"": ""2"", ""weighting_mode"": ""winner_take_all""}"
concentrated,concentrated_grid_N2_score_power_I3,latest_run_report:outputs/reports/concentrated_strategy_comparison.csv,False,True,,False,0.4156554362949041,0.5,8.4345,-0.1585990005641067,-0.18,0.0,1.427638200001508,0.2879499765597723,needs_alpha_boost,8.4345,-8.037827870383888,Historical concentrated grid; needs cap/timing/risk review before production.,"{""policy_mode"": ""fixed_interval"", ""rebalance_interval_months"": ""3"", ""sleeve_role"": ""concentrated_alpha"", ""sleeve_test"": ""future_early_concentrated"", ""target_stock_names"": ""2"", ""weighting_mode"": ""score_power""}"
concentrated,concentrated_grid_N2_winner_take_all_I1,latest_run_report:outputs/reports/concentrated_strategy_comparison.csv,False,True,,False,0.5048597343350205,0.5,0.0,-0.26637776110541966,-0.18,8.6378,1.6140526491935443,0.698848601890642,needs_drawdown_reduction,8.6378,-8.180548651554702,Historical concentrated grid; needs cap/timing/risk review before production.,"{""policy_mode"": ""fixed_interval"", ""rebalance_interval_months"": ""1"", ""sleeve_role"": ""concentrated_alpha"", ""sleeve_test"": ""future_early_concentrated"", ""target_stock_names"": ""2"", ""weighting_mode"": ""winner_take_all""}"
concentrated,concentrated_grid_N2_conviction_curve_I1,latest_run_report:outputs/reports/concentrated_strategy_comparison.csv,False,True,,False,0.5048597343350205,0.5,0.0,-0.26637776110541966,-0.18,8.6378,1.6140526491935439,0.698848601890642,needs_drawdown_reduction,8.6378,-8.180548651554702,Historical concentrated grid; needs cap/timing/risk review before production.,"{""policy_mode"": ""fixed_interval"", ""rebalance_interval_months"": ""1"", ""sleeve_role"": ""concentrated_alpha"", ""sleeve_test"": ""future_early_concentrated"", ""target_stock_names"": ""2"", ""weighting_mode"": ""conviction_curve""}"
concentrated,concentrated_grid_N2_score_power_I1,latest_run_report:outputs/reports/concentrated_strategy_comparison.csv,False,True,,False,0.5048597343350205,0.5,0.0,-0.26637776110541966,-0.18,8.6378,1.6140526491935439,0.698848601890642,needs_drawdown_reduction,8.6378,-8.180548651554702,Historical concentrated grid; needs cap/timing/risk review before production.,"{""policy_mode"": ""fixed_interval"", ""rebalance_interval_months"": ""1"", ""sleeve_role"": ""concentrated_alpha"", ""sleeve_test"": ""future_early_concentrated"", ""target_stock_names"": ""2"", ""weighting_mode"": ""score_power""}"
concentrated,concentrated_grid_N3_conviction_curve_I3,latest_run_report:outputs/reports/concentrated_strategy_comparison.csv,False,True,,False,0.41302053377855175,0.5,8.6979,-0.14211214765991287,-0.18,0.0,1.4976694831808162,0.29636301947343147,needs_alpha_boost,8.6979,-8.297606343000632,Historical concentrated grid; needs cap/timing/risk review before production.,"{""policy_mode"": ""fixed_interval"", ""rebalance_interval_months"": ""3"", ""sleeve_role"": ""concentrated_alpha"", ""sleeve_test"": ""future_early_concentrated"", ""target_stock_names"": ""3"", ""weighting_mode"": ""conviction_curve""}"
concentrated,concentrated_grid_N4_winner_take_all_I3,latest_run_report:outputs/reports/concentrated_strategy_comparison.csv,False,True,,False,0.411996336303303,0.5,8.8004,-0.14259829400901303,-0.18,0.0,1.5240306787301692,0.29186150663246857,needs_alpha_boost,8.8004,-8.400668907994497,Historical concentrated grid; needs cap/timing/risk review before production.,"{""policy_mode"": ""fixed_interval"", ""rebalance_interval_months"": ""3"", ""sleeve_role"": ""concentrated_alpha"", ""sleeve_test"": ""future_early_concentrated"", ""target_stock_names"": ""4"", ""weighting_mode"": ""winner_take_all""}"
concentrated,concentrated_grid_N3_conviction_curve_I1,latest_run_report:outputs/reports/concentrated_strategy_comparison.csv,False,True,,False,0.4756314990036703,0.5,2.4369,-0.2503371444433493,-0.18,7.0337,1.746078988425377,0.6890339610879572,blocked_both,9.4706,-9.03511260852873,Historical concentrated grid; needs cap/timing/risk review before production.,"{""policy_mode"": ""fixed_interval"", ""rebalance_interval_months"": ""1"", ""sleeve_role"": ""concentrated_alpha"", ""sleeve_test"": ""future_early_concentrated"", ""target_stock_names"": ""3"", ""weighting_mode"": ""conviction_curve""}"
concentrated,concentrated_grid_N5_winner_take_all_I3,latest_run_report:outputs/reports/concentrated_strategy_comparison.csv,False,True,,False,0.40305433007247493,0.5,9.6946,-0.1630714004329482,-0.18,0.0,1.4566091678305673,0.29038377176201524,needs_alpha_boost,9.6946,-9.311301899453305,Historical concentrated grid; needs cap/timing/risk review before production.,"{""policy_mode"": ""fixed_interval"", ""rebalance_interval_months"": ""3"", ""sleeve_role"": ""concentrated_alpha"", ""sleeve_test"": ""future_early_concentrated"", ""target_stock_names"": ""5"", ""weighting_mode"": ""winner_take_all""}"
concentrated,concentrated_grid_N4_score_power_I1,latest_run_report:outputs/reports/concentrated_strategy_comparison.csv,False,True,,False,0.4200092008819676,0.5,7.9991,-0.20162545790329467,-0.18,2.1625,1.7657875856954612,0.6498813227987943,blocked_both,10.1616,-9.766788386907821,Historical concentrated grid; needs cap/timing/risk review before production.,"{""policy_mode"": ""fixed_interval"", ""rebalance_interval_months"": ""1"", ""sleeve_role"": ""concentrated_alpha"", ""sleeve_test"": ""future_early_concentrated"", ""target_stock_names"": ""4"", ""weighting_mode"": ""score_power""}"
concentrated,concentrated_grid_N3_winner_take_all_I1,latest_run_report:outputs/reports/concentrated_strategy_comparison.csv,False,True,,False,0.462295798470292,0.5,3.7704,-0.25105810120296457,-0.18,7.1058,1.7173433609270463,0.6920062907379213,blocked_both,10.8762,-10.454905037939314,Historical concentrated grid; needs cap/timing/risk review before production.,"{""policy_mode"": ""fixed_interval"", ""rebalance_interval_months"": ""1"", ""sleeve_role"": ""concentrated_alpha"", ""sleeve_test"": ""future_early_concentrated"", ""target_stock_names"": ""3"", ""weighting_mode"": ""winner_take_all""}"
concentrated,concentrated_grid_N4_conviction_curve_I1,latest_run_report:outputs/reports/concentrated_strategy_comparison.csv,False,True,,False,0.43214427767659225,0.5,6.7856,-0.2235834255042377,-0.18,4.3583,1.7300533311609438,0.6605714280857062,blocked_both,11.1439,-10.744244466116008,Historical concentrated grid; needs cap/timing/risk review before production.,"{""policy_mode"": ""fixed_interval"", ""rebalance_interval_months"": ""1"", ""sleeve_role"": ""concentrated_alpha"", ""sleeve_test"": ""future_early_concentrated"", ""target_stock_names"": ""4"", ""weighting_mode"": ""conviction_curve""}"
concentrated,concentrated_grid_N4_score_power_I3,latest_run_report:outputs/reports/concentrated_strategy_comparison.csv,False,True,,False,0.38765371513691327,0.5,11.2346,-0.16939899031296213,-0.18,0.0,1.6147523396556875,0.2916198771290882,needs_alpha_boost,11.2346,-10.865499421472533,Historical concentrated grid; needs cap/timing/risk review before production.,"{""policy_mode"": ""fixed_interval"", ""rebalance_interval_months"": ""3"", ""sleeve_role"": ""concentrated_alpha"", ""sleeve_test"": ""future_early_concentrated"", ""target_stock_names"": ""4"", ""weighting_mode"": ""score_power""}"
concentrated,concentrated_grid_N3_score_power_I2,latest_run_report:outputs/reports/concentrated_strategy_comparison.csv,False,True,,False,0.3896290778267417,0.5,11.0371,-0.18366796274731667,-0.18,0.3668,1.5937303656820514,0.40416542989895693,blocked_both,11.4039,-11.037485195741308,Historical concentrated grid; needs cap/timing/risk review before production.,"{""policy_mode"": ""fixed_interval"", ""rebalance_interval_months"": ""2"", ""sleeve_role"": ""concentrated_alpha"", ""sleeve_test"": ""future_early_concentrated"", ""target_stock_names"": ""3"", ""weighting_mode"": ""score_power""}"
concentrated,concentrated_grid_N4_conviction_curve_I3,latest_run_report:outputs/reports/concentrated_strategy_comparison.csv,False,True,,False,0.38460932870547193,0.5,11.5391,-0.1537805248108448,-0.18,0.0,1.5795875568887634,0.2936770809139482,needs_alpha_boost,11.5391,-11.169000207052813,Historical concentrated grid; needs cap/timing/risk review before production.,"{""policy_mode"": ""fixed_interval"", ""rebalance_interval_months"": ""3"", ""sleeve_role"": ""concentrated_alpha"", ""sleeve_test"": ""future_early_concentrated"", ""target_stock_names"": ""4"", ""weighting_mode"": ""conviction_curve""}"
concentrated,concentrated_grid_N7_winner_take_all_I3,latest_run_report:outputs/reports/concentrated_strategy_comparison.csv,False,True,,False,0.3797164210771704,0.5,12.0284,-0.1681732558285235,-0.18,0.0,1.4145124983453214,0.29222290656932626,needs_alpha_boost,12.0284,-11.67080319798744,Historical concentrated grid; needs cap/timing/risk review before production.,"{""policy_mode"": ""fixed_interval"", ""rebalance_interval_months"": ""3"", ""sleeve_role"": ""concentrated_alpha"", ""sleeve_test"": ""future_early_concentrated"", ""target_stock_names"": ""7"", ""weighting_mode"": ""winner_take_all""}"
concentrated,concentrated_grid_N5_conviction_curve_I3,latest_run_report:outputs/reports/concentrated_strategy_comparison.csv,False,True,,False,0.3609234200378131,0.5,13.9077,-0.1801026970086328,-0.18,0.0103,1.5422277871855283,0.2935075929437635,blocked_both,13.9179,-13.580190530403037,Historical concentrated grid; needs cap/timing/risk review before production.,"{""policy_mode"": ""fixed_interval"", ""rebalance_interval_months"": ""3"", ""sleeve_role"": ""concentrated_alpha"", ""sleeve_test"": ""future_early_concentrated"", ""target_stock_names"": ""5"", ""weighting_mode"": ""conviction_curve""}"
concentrated,concentrated_grid_N4_score_power_I2,latest_run_report:outputs/reports/concentrated_strategy_comparison.csv,False,True,,False,0.36763454749202107,0.5,13.2365,-0.18783614830321227,-0.18,0.7836,1.6380424405697276,0.3948183815530347,blocked_both,14.0202,-13.676115529306667,Historical concentrated grid; needs cap/timing/risk review before production.,"{""policy_mode"": ""fixed_interval"", ""rebalance_interval_months"": ""2"", ""sleeve_role"": ""concentrated_alpha"", ""sleeve_test"": ""future_early_concentrated"", ""target_stock_names"": ""4"", ""weighting_mode"": ""score_power""}"
concentrated,concentrated_grid_N3_conviction_curve_I2,latest_run_report:outputs/reports/concentrated_strategy_comparison.csv,False,True,,False,0.37151395700439704,0.5,12.8486,-0.197192967929242,-0.18,1.7193,1.5294979611958426,0.4093068212913366,blocked_both,14.5679,-14.224955066634958,Historical concentrated grid; needs cap/timing/risk review before production.,"{""policy_mode"": ""fixed_interval"", ""rebalance_interval_months"": ""2"", ""sleeve_role"": ""concentrated_alpha"", ""sleeve_test"": ""future_early_concentrated"", ""target_stock_names"": ""3"", ""weighting_mode"": ""conviction_curve""}"
concentrated,concentrated_grid_N4_winner_take_all_I1,latest_run_report:outputs/reports/concentrated_strategy_comparison.csv,False,True,,False,0.4131029771995627,0.5,8.6897,-0.2396697433440459,-0.18,5.967,1.6888188652717195,0.6755463002053284,blocked_both,14.6567,-14.281698182946538,Historical concentrated grid; needs cap/timing/risk review before production.,"{""policy_mode"": ""fixed_interval"", ""rebalance_interval_months"": ""1"", ""sleeve_role"": ""concentrated_alpha"", ""sleeve_test"": ""future_early_concentrated"", ""target_stock_names"": ""4"", ""weighting_mode"": ""winner_take_all""}"
concentrated,concentrated_grid_N5_score_power_I3,latest_run_report:outputs/reports/concentrated_strategy_comparison.csv,False,True,,False,0.36657635177924197,0.5,13.3424,-0.19520435535375213,-0.18,1.5204,1.5934498620327093,0.28956190616409727,blocked_both,14.8628,-14.522916315037246,Historical concentrated grid; needs cap/timing/risk review before production.,"{""policy_mode"": ""fixed_interval"", ""rebalance_interval_months"": ""3"", ""sleeve_role"": ""concentrated_alpha"", ""sleeve_test"": ""future_early_concentrated"", ""target_stock_names"": ""5"", ""weighting_mode"": ""score_power""}"
concentrated,concentrated_grid_N4_conviction_curve_I2,latest_run_report:outputs/reports/concentrated_strategy_comparison.csv,False,True,,False,0.36013314496662097,0.5,13.9867,-0.19149729459684983,-0.18,1.1497,1.6025946485193174,0.3990422238007844,blocked_both,15.1364,-14.801679113464933,Historical concentrated grid; needs cap/timing/risk review before production.,"{""policy_mode"": ""fixed_interval"", ""rebalance_interval_months"": ""2"", ""sleeve_role"": ""concentrated_alpha"", ""sleeve_test"": ""future_early_concentrated"", ""target_stock_names"": ""4"", ""weighting_mode"": ""conviction_curve""}"
concentrated,concentrated_grid_N3_winner_take_all_I2,latest_run_report:outputs/reports/concentrated_strategy_comparison.csv,False,True,,False,0.3701780611189813,0.5,12.9822,-0.20549011236193127,-0.18,2.549,1.5144610413070534,0.4051562767772973,blocked_both,15.5312,-15.192384876058453,Historical concentrated grid; needs cap/timing/risk review before production.,"{""policy_mode"": ""fixed_interval"", ""rebalance_interval_months"": ""2"", ""sleeve_role"": ""concentrated_alpha"", ""sleeve_test"": ""future_early_concentrated"", ""target_stock_names"": ""3"", ""weighting_mode"": ""winner_take_all""}"
concentrated,concentrated_grid_N10_winner_take_all_I3,latest_run_report:outputs/reports/concentrated_strategy_comparison.csv,False,True,,False,0.3400161376362181,0.5,15.9984,-0.16063108623666633,-0.18,0.0,1.3140009353393693,0.2930910512544451,needs_alpha_boost,15.9984,-15.680279405906186,Historical concentrated grid; needs cap/timing/risk review before production.,"{""policy_mode"": ""fixed_interval"", ""rebalance_interval_months"": ""3"", ""sleeve_role"": ""concentrated_alpha"", ""sleeve_test"": ""future_early_concentrated"", ""target_stock_names"": ""10"", ""weighting_mode"": ""winner_take_all""}"
concentrated,concentrated_grid_N4_winner_take_all_I2,latest_run_report:outputs/reports/concentrated_strategy_comparison.csv,False,True,,False,0.3599113373408598,0.5,14.0089,-0.2097357495450789,-0.18,2.9736,1.551809594892585,0.4024536799031993,blocked_both,16.9824,-16.654414416046723,Historical concentrated grid; needs cap/timing/risk review before production.,"{""policy_mode"": ""fixed_interval"", ""rebalance_interval_months"": ""2"", ""sleeve_role"": ""concentrated_alpha"", ""sleeve_test"": ""future_early_concentrated"", ""target_stock_names"": ""4"", ""weighting_mode"": ""winner_take_all""}"
concentrated,concentrated_grid_N5_conviction_curve_I1,latest_run_report:outputs/reports/concentrated_strategy_comparison.csv,False,True,,False,0.39836526816902373,0.5,10.1635,-0.24870937972187412,-0.18,6.8709,1.6479011881219818,0.6542112366853204,blocked_both,17.0344,-16.67770067727014,Historical concentrated grid; needs cap/timing/risk review before production.,"{""policy_mode"": ""fixed_interval"", ""rebalance_interval_months"": ""1"", ""sleeve_role"": ""concentrated_alpha"", ""sleeve_test"": ""future_early_concentrated"", ""target_stock_names"": ""5"", ""weighting_mode"": ""conviction_curve""}"
concentrated,concentrated_grid_N5_score_power_I2,latest_run_report:outputs/reports/concentrated_strategy_comparison.csv,False,True,,False,0.3407935941764151,0.5,15.9206,-0.1958692690668442,-0.18,1.5869,1.6257860820250813,0.39222833757957104,blocked_both,17.5076,-17.193018953946048,Historical concentrated grid; needs cap/timing/risk review before production.,"{""policy_mode"": ""fixed_interval"", ""rebalance_interval_months"": ""2"", ""sleeve_role"": ""concentrated_alpha"", ""sleeve_test"": ""future_early_concentrated"", ""target_stock_names"": ""5"", ""weighting_mode"": ""score_power""}"
concentrated,orchestrator_replay_concentrated_leg,sidecar:outputs/orchestrator_replay/concentrated_balanced/metrics.json#metrics.concentrated,False,True,,False,0.386765273780979,0.5,11.3235,-0.24389301594499935,-0.18,6.3893,1.6540954522956683,,blocked_both,17.7128,-17.36609493835864,Concentrated leg inside orchestrator replay; requires cap/timing validation before promotion.,"{""data_mode"": ""historical_concentrated_monthly"", ""experiment_id"": ""E4_concentrated_balanced_replay"", ""valid_for_promotion"": true}"
concentrated,concentrated_grid_N5_score_power_I1,latest_run_report:outputs/reports/concentrated_strategy_comparison.csv,False,True,,False,0.386765273780979,0.5,11.3235,-0.24389301594499935,-0.18,6.3893,1.6540954522879199,0.6400098944273077,blocked_both,17.7128,-17.366094938358795,Historical concentrated grid; needs cap/timing/risk review before production.,"{""policy_mode"": ""fixed_interval"", ""rebalance_interval_months"": ""1"", ""sleeve_role"": ""concentrated_alpha"", ""sleeve_test"": ""future_early_concentrated"", ""target_stock_names"": ""5"", ""weighting_mode"": ""score_power""}"
concentrated,concentrated_grid_N5_conviction_curve_I2,latest_run_report:outputs/reports/concentrated_strategy_comparison.csv,False,True,,False,0.3370058639297908,0.5,16.2994,-0.19380468283525365,-0.18,1.3805,1.5878990262015726,0.39989555839791796,blocked_both,17.6799,-17.369259450943037,Historical concentrated grid; needs cap/timing/risk review before production.,"{""policy_mode"": ""fixed_interval"", ""rebalance_interval_months"": ""2"", ""sleeve_role"": ""concentrated_alpha"", ""sleeve_test"": ""future_early_concentrated"", ""target_stock_names"": ""5"", ""weighting_mode"": ""conviction_curve""}"
concentrated,concentrated_grid_N7_conviction_curve_I3,latest_run_report:outputs/reports/concentrated_strategy_comparison.csv,False,True,,False,0.3286173381694517,0.5,17.1383,-0.19284634237821652,-0.18,1.2846,1.5416290774977741,0.2944472909456597,blocked_both,18.4229,-18.12130440387054,Historical concentrated grid; needs cap/timing/risk review before production.,"{""policy_mode"": ""fixed_interval"", ""rebalance_interval_months"": ""3"", ""sleeve_role"": ""concentrated_alpha"", ""sleeve_test"": ""future_early_concentrated"", ""target_stock_names"": ""7"", ""weighting_mode"": ""conviction_curve""}"
concentrated,concentrated_grid_N7_conviction_curve_I2,latest_run_report:outputs/reports/concentrated_strategy_comparison.csv,False,True,,False,0.3115137479440302,0.5,18.8486,-0.18389902366932975,-0.18,0.3899,1.5965060232257144,0.40072208773914303,blocked_both,19.2385,-18.95025341122221,Historical concentrated grid; needs cap/timing/risk review before production.,"{""policy_mode"": ""fixed_interval"", ""rebalance_interval_months"": ""2"", ""sleeve_role"": ""concentrated_alpha"", ""sleeve_test"": ""future_early_concentrated"", ""target_stock_names"": ""7"", ""weighting_mode"": ""conviction_curve""}"
concentrated,concentrated_grid_N7_score_power_I1,latest_run_report:outputs/reports/concentrated_strategy_comparison.csv,False,True,,False,0.3619083125343219,0.5,13.8092,-0.23646456763086132,-0.18,5.6465,1.7600557486271622,0.6336803033488483,blocked_both,19.4556,-19.12945545243634,Historical concentrated grid; needs cap/timing/risk review before production.,"{""policy_mode"": ""fixed_interval"", ""rebalance_interval_months"": ""1"", ""sleeve_role"": ""concentrated_alpha"", ""sleeve_test"": ""future_early_concentrated"", ""target_stock_names"": ""7"", ""weighting_mode"": ""score_power""}"
concentrated,concentrated_grid_N7_score_power_I3,latest_run_report:outputs/reports/concentrated_strategy_comparison.csv,False,True,,False,0.3276357212575922,0.5,17.2364,-0.20335743725761224,-0.18,2.3357,1.6394381533125455,0.2904371893256468,blocked_both,19.5722,-19.272754346855443,Historical concentrated grid; needs cap/timing/risk review before production.,"{""policy_mode"": ""fixed_interval"", ""rebalance_interval_months"": ""3"", ""sleeve_role"": ""concentrated_alpha"", ""sleeve_test"": ""future_early_concentrated"", ""target_stock_names"": ""7"", ""weighting_mode"": ""score_power""}"
concentrated,concentrated_grid_N7_conviction_curve_I1,latest_run_report:outputs/reports/concentrated_strategy_comparison.csv,False,True,,False,0.3697713149047006,0.5,13.0229,-0.24788821508283487,-0.18,6.7888,1.6850126543470363,0.6492764581100859,blocked_both,19.8117,-19.482584914346635,Historical concentrated grid; needs cap/timing/risk review before production.,"{""policy_mode"": ""fixed_interval"", ""rebalance_interval_months"": ""1"", ""sleeve_role"": ""concentrated_alpha"", ""sleeve_test"": ""future_early_concentrated"", ""target_stock_names"": ""7"", ""weighting_mode"": ""conviction_curve""}"
concentrated,concentrated_grid_N2_score_power_I2,latest_run_report:outputs/reports/concentrated_strategy_comparison.csv,False,True,,False,0.35780470136087494,0.5,14.2195,-0.23625356238661532,-0.18,5.6254,1.4328442196999698,0.4275327477751197,blocked_both,19.8449,-19.529300585535147,Historical concentrated grid; needs cap/timing/risk review before production.,"{""policy_mode"": ""fixed_interval"", ""rebalance_interval_months"": ""2"", ""sleeve_role"": ""concentrated_alpha"", ""sleeve_test"": ""future_early_concentrated"", ""target_stock_names"": ""2"", ""weighting_mode"": ""score_power""}"
concentrated,concentrated_grid_N2_winner_take_all_I2,latest_run_report:outputs/reports/concentrated_strategy_comparison.csv,False,True,,False,0.35780470136087494,0.5,14.2195,-0.23625356238661532,-0.18,5.6254,1.4328442196999696,0.4275327477751197,blocked_both,19.8449,-19.529300585535147,Historical concentrated grid; needs cap/timing/risk review before production.,"{""policy_mode"": ""fixed_interval"", ""rebalance_interval_months"": ""2"", ""sleeve_role"": ""concentrated_alpha"", ""sleeve_test"": ""future_early_concentrated"", ""target_stock_names"": ""2"", ""weighting_mode"": ""winner_take_all""}"
concentrated,concentrated_grid_N2_conviction_curve_I2,latest_run_report:outputs/reports/concentrated_strategy_comparison.csv,False,True,,False,0.3578047013608747,0.5,14.2195,-0.23625356238661532,-0.18,5.6254,1.43284421969997,0.4275327477751197,blocked_both,19.8449,-19.529300585535168,Historical concentrated grid; needs cap/timing/risk review before production.,"{""policy_mode"": ""fixed_interval"", ""rebalance_interval_months"": ""2"", ""sleeve_role"": ""concentrated_alpha"", ""sleeve_test"": ""future_early_concentrated"", ""target_stock_names"": ""2"", ""weighting_mode"": ""conviction_curve""}"
concentrated,concentrated_grid_N7_score_power_I2,latest_run_report:outputs/reports/concentrated_strategy_comparison.csv,False,True,,False,0.3091739062914185,0.5,19.0826,-0.18858496192270457,-0.18,0.8585,1.657198691643732,0.39003773154465005,blocked_both,19.9411,-19.655363171581126,Historical concentrated grid; needs cap/timing/risk review before production.,"{""policy_mode"": ""fixed_interval"", ""rebalance_interval_months"": ""2"", ""sleeve_role"": ""concentrated_alpha"", ""sleeve_test"": ""future_early_concentrated"", ""target_stock_names"": ""7"", ""weighting_mode"": ""score_power""}"
concentrated,concentrated_grid_N5_winner_take_all_I2,latest_run_report:outputs/reports/concentrated_strategy_comparison.csv,False,True,,False,0.33754494205165586,0.5,16.2455,-0.21760668556952878,-0.18,3.7607,1.5142023318987414,0.4037761055658089,blocked_both,20.0062,-19.703627368768522,Historical concentrated grid; needs cap/timing/risk review before production.,"{""policy_mode"": ""fixed_interval"", ""rebalance_interval_months"": ""2"", ""sleeve_role"": ""concentrated_alpha"", ""sleeve_test"": ""future_early_concentrated"", ""target_stock_names"": ""5"", ""weighting_mode"": ""winner_take_all""}"
concentrated,experiment_E4_concentrated_balanced,experiment:outputs/experiments/E4_concentrated_balanced/metrics.json,False,True,,False,0.3484912610130364,0.5,15.1509,-0.22940113109440408,-0.18,4.9401,1.4286886669635341,,blocked_both,20.091,-19.78274231311278,Aggressive lab artifact; discovery-only unless replay-backed.,{}
concentrated,concentrated_grid_N10_conviction_curve_I2,latest_run_report:outputs/reports/concentrated_strategy_comparison.csv,False,True,,False,0.29918376565639315,0.5,20.0816,-0.18030568928702784,-0.18,0.0306,1.5889925658495785,0.40002185621922404,blocked_both,20.1122,-19.835320452876196,Historical concentrated grid; needs cap/timing/risk review before production.,"{""policy_mode"": ""fixed_interval"", ""rebalance_interval_months"": ""2"", ""sleeve_role"": ""concentrated_alpha"", ""sleeve_test"": ""future_early_concentrated"", ""target_stock_names"": ""10"", ""weighting_mode"": ""conviction_curve""}"
concentrated,concentrated_grid_N10_score_power_I2,latest_run_report:outputs/reports/concentrated_strategy_comparison.csv,False,True,,False,0.2923573259911425,0.5,20.7643,-0.1798815429133821,-0.18,0.0,1.6895430151592947,0.38545210776481414,needs_alpha_boost,20.7643,-20.492083677465438,Historical concentrated grid; needs cap/timing/risk review before production.,"{""policy_mode"": ""fixed_interval"", ""rebalance_interval_months"": ""2"", ""sleeve_role"": ""concentrated_alpha"", ""sleeve_test"": ""future_early_concentrated"", ""target_stock_names"": ""10"", ""weighting_mode"": ""score_power""}"
concentrated,concentrated_grid_N5_winner_take_all_I1,latest_run_report:outputs/reports/concentrated_strategy_comparison.csv,False,True,,False,0.3877510885861044,0.5,11.2249,-0.2766864467776845,-0.18,9.6686,1.610744055929216,0.6701651221788487,blocked_both,20.8935,-20.55657578348663,Historical concentrated grid; needs cap/timing/risk review before production.,"{""policy_mode"": ""fixed_interval"", ""rebalance_interval_months"": ""1"", ""sleeve_role"": ""concentrated_alpha"", ""sleeve_test"": ""future_early_concentrated"", ""target_stock_names"": ""5"", ""weighting_mode"": ""winner_take_all""}"
concentrated,concentrated_grid_N10_conviction_curve_I1,latest_run_report:outputs/reports/concentrated_strategy_comparison.csv,False,True,,False,0.3490463132584023,0.5,15.0954,-0.24396671148127802,-0.18,6.3967,1.663952528265372,0.6476462009847134,blocked_both,21.492,-21.182904471908248,Historical concentrated grid; needs cap/timing/risk review before production.,"{""policy_mode"": ""fixed_interval"", ""rebalance_interval_months"": ""1"", ""sleeve_role"": ""concentrated_alpha"", ""sleeve_test"": ""future_early_concentrated"", ""target_stock_names"": ""10"", ""weighting_mode"": ""conviction_curve""}"
concentrated,concentrated_grid_N10_score_power_I1,latest_run_report:outputs/reports/concentrated_strategy_comparison.csv,False,True,,False,0.32704582448532826,0.5,17.2954,-0.2218978039535724,-0.18,4.1898,1.7313902184932317,0.6360409878502378,blocked_both,21.4852,-21.19009365915529,Historical concentrated grid; needs cap/timing/risk review before production.,"{""policy_mode"": ""fixed_interval"", ""rebalance_interval_months"": ""1"", ""sleeve_role"": ""concentrated_alpha"", ""sleeve_test"": ""future_early_concentrated"", ""target_stock_names"": ""10"", ""weighting_mode"": ""score_power""}"
concentrated,concentrated_grid_N10_conviction_curve_I3,latest_run_report:outputs/reports/concentrated_strategy_comparison.csv,False,True,,False,0.3009463903116094,0.5,19.9054,-0.19615917562478113,-0.18,1.6159,1.496952121102643,0.29539209655445076,blocked_both,21.5213,-21.249240851270944,Historical concentrated grid; needs cap/timing/risk review before production.,"{""policy_mode"": ""fixed_interval"", ""rebalance_interval_months"": ""3"", ""sleeve_role"": ""concentrated_alpha"", ""sleeve_test"": ""future_early_concentrated"", ""target_stock_names"": ""10"", ""weighting_mode"": ""conviction_curve""}"
concentrated,concentrated_grid_N7_winner_take_all_I2,latest_run_report:outputs/reports/concentrated_strategy_comparison.csv,False,True,,False,0.31412173320582304,0.5,18.5878,-0.21429490098799775,-0.18,3.4295,1.489371140991157,0.40522861340658234,blocked_both,22.0173,-21.737696092488225,Historical concentrated grid; needs cap/timing/risk review before production.,"{""policy_mode"": ""fixed_interval"", ""rebalance_interval_months"": ""2"", ""sleeve_role"": ""concentrated_alpha"", ""sleeve_test"": ""future_early_concentrated"", ""target_stock_names"": ""7"", ""weighting_mode"": ""winner_take_all""}"
concentrated,concentrated_grid_N10_winner_take_all_I2,latest_run_report:outputs/reports/concentrated_strategy_comparison.csv,False,True,,False,0.30254185230349084,0.5,19.7458,-0.20612185712462572,-0.18,2.6122,1.4832096219552273,0.4062173304646028,blocked_both,22.358,-22.08763099450828,Historical concentrated grid; needs cap/timing/risk review before production.,"{""policy_mode"": ""fixed_interval"", ""rebalance_interval_months"": ""2"", ""sleeve_role"": ""concentrated_alpha"", ""sleeve_test"": ""future_early_concentrated"", ""target_stock_names"": ""10"", ""weighting_mode"": ""winner_take_all""}"
concentrated,concentrated_grid_N7_winner_take_all_I1,latest_run_report:outputs/reports/concentrated_strategy_comparison.csv,False,True,,False,0.366984111973482,0.5,13.3016,-0.27518427066450835,-0.18,9.5184,1.663704020147617,0.674658506298552,blocked_both,22.82,-22.50231295792555,Historical concentrated grid; needs cap/timing/risk review before production.,"{""policy_mode"": ""fixed_interval"", ""rebalance_interval_months"": ""1"", ""sleeve_role"": ""concentrated_alpha"", ""sleeve_test"": ""future_early_concentrated"", ""target_stock_names"": ""7"", ""weighting_mode"": ""winner_take_all""}"
concentrated,concentrated_grid_N10_winner_take_all_I1,latest_run_report:outputs/reports/concentrated_strategy_comparison.csv,False,True,,False,0.34067997723444154,0.5,15.932,-0.2678854467648413,-0.18,8.7885,1.622299561313059,0.6821285510688951,blocked_both,24.7205,-24.42778661860872,Historical concentrated grid; needs cap/timing/risk review before production.,"{""policy_mode"": ""fixed_interval"", ""rebalance_interval_months"": ""1"", ""sleeve_role"": ""concentrated_alpha"", ""sleeve_test"": ""future_early_concentrated"", ""target_stock_names"": ""10"", ""weighting_mode"": ""winner_take_all""}"
concentrated,concentrated_grid_N10_score_power_I3,latest_run_report:outputs/reports/concentrated_strategy_comparison.csv,False,True,,False,0.2660467721938249,0.5,23.3953,-0.1958594590430841,-0.18,1.5859,1.53029743574861,0.290283882266938,blocked_both,24.9813,-24.74337380173005,Historical concentrated grid; needs cap/timing/risk review before production.,"{""policy_mode"": ""fixed_interval"", ""rebalance_interval_months"": ""3"", ""sleeve_role"": ""concentrated_alpha"", ""sleeve_test"": ""future_early_concentrated"", ""target_stock_names"": ""10"", ""weighting_mode"": ""score_power""}"
concentrated,concentrated_grid_N1_conviction_curve_I2,latest_run_report:outputs/reports/concentrated_strategy_comparison.csv,False,True,,False,0.21972476790416917,0.5,28.0275,-0.21081462685903596,-0.18,3.0815,0.9398054924838799,0.3445121951219512,blocked_both,31.109,-30.933709405790545,Historical concentrated grid; needs cap/timing/risk review before production.,"{""policy_mode"": ""fixed_interval"", ""rebalance_interval_months"": ""2"", ""sleeve_role"": ""concentrated_alpha"", ""sleeve_test"": ""future_early_concentrated"", ""target_stock_names"": ""1"", ""weighting_mode"": ""conviction_curve""}"
concentrated,concentrated_grid_N1_winner_take_all_I2,latest_run_report:outputs/reports/concentrated_strategy_comparison.csv,False,True,,False,0.21972476790416917,0.5,28.0275,-0.21081462685903596,-0.18,3.0815,0.9398054924838799,0.3445121951219512,blocked_both,31.109,-30.933709405790545,Historical concentrated grid; needs cap/timing/risk review before production.,"{""policy_mode"": ""fixed_interval"", ""rebalance_interval_months"": ""2"", ""sleeve_role"": ""concentrated_alpha"", ""sleeve_test"": ""future_early_concentrated"", ""target_stock_names"": ""1"", ""weighting_mode"": ""winner_take_all""}"
concentrated,concentrated_grid_N1_score_power_I2,latest_run_report:outputs/reports/concentrated_strategy_comparison.csv,False,True,,False,0.21972476790416917,0.5,28.0275,-0.21081462685903596,-0.18,3.0815,0.9398054924838799,0.3445121951219512,blocked_both,31.109,-30.933709405790545,Historical concentrated grid; needs cap/timing/risk review before production.,"{""policy_mode"": ""fixed_interval"", ""rebalance_interval_months"": ""2"", ""sleeve_role"": ""concentrated_alpha"", ""sleeve_test"": ""future_early_concentrated"", ""target_stock_names"": ""1"", ""weighting_mode"": ""score_power""}"
concentrated,monster_lifecycle_review_concentrated,sidecar:outputs/monster_lifecycle_review_concentrated/metrics.json,False,True,,False,0.19134573961378143,0.5,30.8654,-0.21454516011755598,-0.18,3.4545,1.1371834406348544,0.25192634237922096,blocked_both,34.3199,-34.17021618998624,Research-only concentrated lifecycle review with staged 5/14/32/50% sizing and stale-leader patience.,"{""data_mode"": ""historical_candidate_replay_book""}"
concentrated,concentrated_position_risk_weekly_validation,sidecar:outputs/position_risk_weekly_validation/concentrated/metrics.json,False,True,,False,0.24138323190359645,0.5,25.8617,-0.2953208588132036,-0.18,11.5321,0.9821701668825521,,blocked_both,37.3938,-37.221332313363426,Daily stop / weekly relative-performance validation for concentrated holdings. This is the bridge from monthly proxy to production-compatible evidence.,"{""data_mode"": ""daily_price_path_validation_from_monthly_holdings"", ""hard_stop"": -0.08, ""metric_mode"": ""position_risk_weekly_validation"", ""price_coverage"": 1.0, ""trailing_stop"": -0.15, ""validation_granularity"": ""daily_stop_checks_weekly_relative_checks""}"
concentrated,concentrated_policy_replay,sidecar:outputs/concentrated_policy_replay/metrics.json,False,True,,False,0.2854608823578022,0.5,21.4539,-0.34401481522216026,-0.18,16.4015,1.1317815950216572,0.837824309063531,blocked_both,37.8554,-37.65050121674422,Research-only concentrated policy replay from candidate_replay_book.,"{""data_mode"": ""historical_candidate_replay_book""}"
concentrated,concentrated_broker_ledger_replay,sidecar:outputs/broker_replay/concentrated/metrics.json,True,True,,False,0.3661236888812105,0.5,13.3876,-0.4257565647965047,-0.18,24.5757,1.1000820875105732,,blocked_both,37.9633,-37.70288923033695,Production-compatible monthly target replay when metrics mark next-close integer-share ledger as valid.,{}
concentrated,concentrated_grid_N1_conviction_curve_I1,latest_run_report:outputs/reports/concentrated_strategy_comparison.csv,False,True,,False,0.14740245027850496,0.5,35.2598,-0.21248618635552696,-0.18,3.2486,1.0675760855888168,0.6707317073170732,blocked_both,38.5084,-38.40336549161857,Historical concentrated grid; needs cap/timing/risk review before production.,"{""policy_mode"": ""fixed_interval"", ""rebalance_interval_months"": ""1"", ""sleeve_role"": ""concentrated_alpha"", ""sleeve_test"": ""future_early_concentrated"", ""target_stock_names"": ""1"", ""weighting_mode"": ""conviction_curve""}"
concentrated,concentrated_grid_N1_winner_take_all_I1,latest_run_report:outputs/reports/concentrated_strategy_comparison.csv,False,True,,False,0.14740245027850496,0.5,35.2598,-0.21248618635552696,-0.18,3.2486,1.0675760855888168,0.6707317073170732,blocked_both,38.5084,-38.40336549161857,Historical concentrated grid; needs cap/timing/risk review before production.,"{""policy_mode"": ""fixed_interval"", ""rebalance_interval_months"": ""1"", ""sleeve_role"": ""concentrated_alpha"", ""sleeve_test"": ""future_early_concentrated"", ""target_stock_names"": ""1"", ""weighting_mode"": ""winner_take_all""}"
concentrated,concentrated_grid_N1_score_power_I1,latest_run_report:outputs/reports/concentrated_strategy_comparison.csv,False,True,,False,0.14740245027850496,0.5,35.2598,-0.21248618635552696,-0.18,3.2486,1.0675760855888168,0.6707317073170732,blocked_both,38.5084,-38.40336549161857,Historical concentrated grid; needs cap/timing/risk review before production.,"{""policy_mode"": ""fixed_interval"", ""rebalance_interval_months"": ""1"", ""sleeve_role"": ""concentrated_alpha"", ""sleeve_test"": ""future_early_concentrated"", ""target_stock_names"": ""1"", ""weighting_mode"": ""score_power""}"
concentrated,monster_lifecycle_replay,sidecar:outputs/monster_lifecycle_replay/metrics.json,False,True,,False,0.17130593193935884,0.5,32.8694,-0.24081776979074176,-0.18,6.0818,0.9450232911299907,0.23321501535839734,blocked_both,38.9512,-38.833222718313564,Research-only monster lifecycle replay; useful for drawdown control discovery.,"{""data_mode"": ""historical_candidate_replay_book""}"
concentrated,concentrated_weekly_leader_entry_broker_replay,sidecar:outputs/weekly_leader_broker_replay/concentrated/metrics.json,False,True,,False,0.15868391424328498,0.5,34.1316,-0.3177010913174043,-0.18,13.7701,0.7528885211235711,,blocked_both,47.9017,-47.823286350141395,Research-only account-ledger replay of concentrated weekly new-leader entries from monthly PIT candidates plus daily price leadership signals.,"{""metric_mode"": ""broker_ledger_next_close""}"
concentrated,concentrated_broker_execution_policy_replay,sidecar:outputs/broker_execution_policy_replay/concentrated/metrics.json,True,True,,False,0.17407672348641756,0.5,32.5923,-0.41109118217657203,-0.18,23.1091,0.6990387960697937,,blocked_both,55.7014,-55.63671572426061,"Production-compatible account-ledger replay with concentrated no-trade bands, staged entries, minimum holding, and winner trim deferral.",{}
concentrated,concentrated_broker_position_risk_replay,sidecar:outputs/broker_position_risk_replay/concentrated/metrics.json,True,True,,False,0.1962798361496123,0.5,30.372,-0.45675108317658775,-0.18,27.6751,0.7727657103367034,,blocked_both,58.0471,-57.97241487729418,"Production-compatible account-ledger conversion of concentrated proxy risk rules: daily close signals with next-close fills, cash, shares, and fees.",{}
