date,ticker,shares,price,market_value_usd,weight,cost_basis,unrealized_pnl_usd,week_end_date
2019-06-07,FDS,48.0,273.089111328125,13108.27734375,0.12864734995794758,258.8158874511719,685.11474609375,2019-06-07
2019-06-07,HEI,103.0,126.92864990234375,13073.650939941406,0.12830751925619077,121.5122299194336,557.8912582397461,2019-06-07
2019-06-14,FDS,183.0,276.9868469238281,50688.59298706055,0.5016928430918831,274.01279587042137,544.2513427734375,2019-06-14
2019-06-14,HEI,402.0,125.1628646850586,50315.471603393555,0.49799985583855655,125.08949266500142,29.49555206298828,2019-06-14
2019-06-21,FDS,183.0,278.6227111816406,50987.956146240234,0.4990406661777117,274.01279587042137,843.614501953125,2019-06-21
2019-06-21,HEI,402.0,127.24612426757812,51152.941955566406,0.5006554519902643,125.08949266500142,866.9659042358398,2019-06-21
2019-06-28,FDS,183.0,267.8546142578125,49017.39440917969,0.47850287672212627,274.01279587042137,-1126.9472351074219,2019-06-28
2019-06-28,HEI,402.0,132.81253051757812,53390.637268066406,0.5211940338879567,125.08949266500142,3104.66121673584,2019-06-28
2019-07-05,HEI,387.0,134.90682983398438,52208.94314575195,0.5054367673171888,125.08949266500142,3799.3094843964063,2019-07-05
2019-07-05,HD,284.0,179.43202209472656,50958.694274902344,0.49333306037449026,178.43072509765625,284.36834716796875,2019-07-05
2019-07-12,HEI,387.0,134.99615478515625,52243.51190185547,0.4977433123020279,125.08949266500142,3833.878240499922,2019-07-12
2019-07-12,HD,284.0,185.17665100097656,52590.168884277344,0.5010460419306837,178.43072509765625,1915.8429565429688,2019-07-12
2019-07-19,HEI,387.0,136.10781860351562,52673.72579956055,0.505796044038402,125.08949266500142,4264.092138205,2019-07-19
2019-07-19,HD,284.0,180.77272033691406,51339.452575683594,0.4929837717326339,178.43072509765625,665.1266479492188,2019-07-19
2019-07-26,HEI,387.0,137.646240234375,53269.094970703125,0.5041164710317124,125.08949266500142,4859.461309347578,2019-07-26
2019-07-26,HD,284.0,184.0565643310547,52272.06427001953,0.494680988814203,178.43072509765625,1597.7383422851562,2019-07-26
2019-07-31,HEI,387.0,135.7306365966797,52527.75636291504,0.5043427333087641,125.08949266500142,4118.122701559492,2019-08-02
2019-08-02,HD,288.0,180.0175018310547,51845.04052734375,0.49912376003924047,178.4607779184977,448.33648681640625,2019-08-02
2019-08-02,CTAS,864.0,60.176795959472656,51992.751708984375,0.5005458085057939,60.32117462158203,-124.7431640625,2019-08-02
2019-08-09,HD,73.0,178.2101287841797,13009.339401245117,0.12630049838551927,178.4607779184977,-18.297386805215865,2019-08-09
2019-08-09,CTAS,215.0,61.343509674072266,13188.854579925537,0.12804331220840504,60.32117462158203,219.8020362854004,2019-08-09
2019-08-16,CTAS,215.0,61.57169723510742,13237.914905548096,0.1289521745806273,60.32117462158203,268.862361907959,2019-08-16
2019-08-16,HD,73.0,172.80494689941406,12614.761123657227,0.12288195613260787,178.4607779184977,-412.8756643931065,2019-08-16
2019-08-23,HD,73.0,184.53175354003906,13470.818008422852,0.1306640658399439,178.4607779184977,443.1812203725185,2019-08-23
2019-08-23,CTAS,215.0,59.62488555908203,12819.350395202637,0.12434496873291058,60.32117462158203,-149.7021484375,2019-08-23
2019-08-30,HD,73.0,193.3905029296875,14117.506713867188,0.13557544833554183,178.4607779184977,1089.8699258168544,2019-08-30
2019-08-30,CTAS,215.0,61.431976318359375,13207.874908447266,0.1268399299228651,60.32117462158203,238.8223648071289,2019-08-30
2019-09-06,HD,69.0,197.32046508789062,13615.112091064453,0.1304577750108814,178.4607779184977,1301.3184146881104,2019-09-06
2019-09-06,RMD,99.0,132.23641967773438,13091.405548095703,0.1254397046566033,129.8518524169922,236.07215881347656,2019-09-06
2019-09-13,RMD,411.0,124.59254455566406,51207.53581237793,0.49601492415926557,127.15849332043724,-1054.6049423217773,2019-09-13
2019-09-13,HD,260.0,199.75352478027344,51935.916442871094,0.503070285395879,193.37204809188842,1659.1839389801025,2019-09-13
2019-09-20,HD,260.0,191.80538940429688,49869.40124511719,0.48854286936957053,193.37204809188842,-407.3312587738037,2019-09-20
2019-09-20,RMD,411.0,126.79804992675781,52113.99851989746,0.5105319441493212,127.15849332043724,-148.1422348022461,2019-09-20
2019-09-27,HD,260.0,196.23617553710938,51021.40563964844,0.4959814536720443,193.37204809188842,744.6731357574463,2019-09-27
2019-09-27,RMD,411.0,125.92150115966797,51753.736976623535,0.503100480608461,127.15849332043724,-508.4037780761719,2019-09-27
2019-09-30,HD,260.0,198.0802764892578,51500.87188720703,0.4955153085598207,193.37204809188842,1224.13938331604,2019-10-04
2019-09-30,RMD,411.0,127.34465789794922,52338.65439605713,0.5035760275955696,127.15849332043724,76.51364135742188,2019-10-04
2019-10-04,MLM,51.0,250.5206298828125,12776.552124023438,0.126582607328737,256.3644714355469,-298.0359191894531,2019-10-04
2019-10-04,SHW,74.0,172.73736572265625,12782.565063476562,0.1266421800167594,171.4847412109375,92.6942138671875,2019-10-04
2019-10-11,MLM,51.0,253.86813354492188,12947.274810791016,0.12802292715005786,256.3644714355469,-127.313232421875,2019-10-11
2019-10-11,SHW,74.0,173.10557556152344,12809.812591552734,0.12666369781905146,171.4847412109375,119.94174194335938,2019-10-11
2019-10-18,MLM,198.0,254.20294189453125,50332.18249511719,0.4984728226141748,255.51864454481336,-260.5091247558594,2019-10-18
2019-10-18,SHW,286.0,176.5203857421875,50484.830322265625,0.4999845947943696,175.53779964847163,281.0196228027344,2019-10-18
2019-10-25,MLM,198.0,256.64178466796875,50815.07336425781,0.49468468778043784,255.51864454481336,222.38174438476562,2019-10-25
2019-10-25,SHW,286.0,180.9486541748047,51751.31509399414,0.5037990000720225,175.53779964847163,1547.50439453125,2019-10-25
2019-10-31,MLM,198.0,250.50149536132812,49599.29608154297,0.48976587149393613,255.51864454481336,-993.3955383300781,2019-11-01
2019-10-31,SHW,286.0,180.12722778320312,51516.387145996094,0.5086960953094414,175.53779964847163,1312.5764465332031,2019-11-01
2019-11-01,BKNG,638.0,79.79021453857422,50906.15687561035,0.5005832845883865,79.79021453857422,0.0,2019-11-01
2019-11-01,ORLY,1743.0,29.134000778198242,50780.563356399536,0.4993482666607283,29.134000778198242,0.0,2019-11-01
2019-11-08,BKNG,638.0,73.78913116455078,47077.4656829834,0.4797803656903312,79.79021453857422,-3828.691192626953,2019-11-08
2019-11-08,ORLY,1743.0,29.281999588012695,51038.52528190613,0.5201486946842871,29.134000778198242,257.9619255065918,2019-11-08
2019-11-15,BKNG,638.0,72.59660339355469,46316.63296508789,0.47233280555799617,79.79021453857422,-4589.523910522461,2019-11-15
2019-11-15,ORLY,1743.0,29.68199920654297,51735.724617004395,0.5275962087819525,29.134000778198242,955.1612606048584,2019-11-15
2019-11-22,BKNG,638.0,73.72395324707031,47035.88217163086,0.48011154787729154,79.79021453857422,-3870.274703979492,2019-11-22
2019-11-22,ORLY,1743.0,29.21733283996582,50925.811140060425,0.5198174007695725,29.134000778198242,145.24778366088867,2019-11-22
2019-11-29,BKNG,638.0,74.76451110839844,47699.7580871582,0.4813312301360159,79.79021453857422,-3206.3987884521484,2019-11-29
2019-11-29,ORLY,1743.0,29.485332489013672,51392.93452835083,0.5185985294019881,29.134000778198242,612.371171951294,2019-11-29
2019-12-06,AAPL,776.0,65.19559478759766,50591.78155517578,0.4998598630870627,63.6181640625,1224.0862426757812,2019-12-06
2019-12-06,BABA,264.0,191.7339324951172,50617.75817871094,0.5001165188339963,186.4346160888672,1399.01953125,2019-12-06
2019-12-13,AAPL,776.0,66.26490783691406,51421.56848144531,0.5002152198800978,63.6181640625,2053.8731689453125,2019-12-13
2019-12-13,BABA,264.0,194.6020050048828,51374.92932128906,0.4997615266451082,186.4346160888672,2156.190673828125,2019-12-13
2019-12-20,AAPL,776.0,67.298095703125,52223.322265625,0.49528513602746227,63.6181640625,2855.626953125,2019-12-20
2019-12-20,BABA,264.0,201.57276916503906,53215.21105957031,0.5046921931605679,186.4346160888672,3996.472412109375,2019-12-20
2019-12-27,AAPL,776.0,69.79308319091797,54159.432556152344,0.5006216766030187,63.6181640625,4791.737243652344,2019-12-27
2019-12-27,BABA,264.0,204.63079833984375,54022.53076171875,0.4993562274905626,186.4346160888672,4803.7921142578125,2019-12-27
2019-12-31,AAPL,776.0,70.72029113769531,54878.94592285156,0.507861213307239,63.6181640625,5511.2506103515625,2020-01-03
2020-01-03,TSLA,1932.0,29.534000396728516,57059.68876647949,0.50993211367675,28.68400001525879,1642.2007369995117,2020-01-03
2020-01-03,BABA,266.0,206.0838165283203,54818.2951965332,0.4899011849175375,186.60213384413183,5182.127593994133,2020-01-03
2020-01-10,BABA,266.0,212.5702362060547,56543.68283081055,0.47858326527363837,186.60213384413183,6907.515228271477,2020-01-10
2020-01-10,TSLA,1932.0,31.876667022705078,61585.72068786621,0.5212588537824955,28.68400001525879,6168.2326583862305,2020-01-10
2020-01-17,BABA,266.0,215.98912048339844,57453.106048583984,0.4662487193908198,186.60213384413183,7816.938446044915,2020-01-17
2020-01-17,TSLA,1932.0,34.03333282470703,65752.39901733398,0.5335999034200476,28.68400001525879,10334.910987854004,2020-01-17
2020-01-24,TSLA,1932.0,37.654666900634766,72748.81645202637,0.5738883509782047,28.68400001525879,17331.328422546387,2020-01-24
2020-01-24,BABA,266.0,202.997314453125,53997.28564453125,0.4259644998661138,186.60213384413183,4361.11804199218,2020-01-24
2020-01-31,BABA,266.0,196.19749450683594,52188.53353881836,0.38373751210402307,186.60213384413183,2552.3659362792896,2020-01-31
2020-01-31,TSLA,1932.0,43.371334075927734,83793.41743469238,0.6161253316912182,28.68400001525879,28375.929405212402,2020-01-31
2020-02-07,BABA,380.0,205.637451171875,78142.2314453125,0.5051030732862453,191.33549973337273,5434.741546630859,2020-02-07
2020-02-07,GOOG,1043.0,73.35923767089844,76513.68489074707,0.4945763215607534,73.69198608398438,-347.0565948486328,2020-02-07
2020-02-14,BABA,380.0,208.58151245117188,79260.97473144531,0.5017426485759172,191.33549973337273,6553.484832763672,2020-02-14
2020-02-14,GOOG,1043.0,75.41783142089844,78660.79817199707,0.49794337437356156,73.69198608398438,1800.0566864013672,2020-02-14
2020-02-21,BABA,380.0,201.89566040039062,76720.35095214844,0.49952122689021655,191.33549973337273,4012.861053466797,2020-02-21
2020-02-21,GOOG,1043.0,73.65083312988281,76817.81895446777,0.5001558347289041,73.69198608398438,-42.92253112792969,2020-02-21
2020-02-28,BABA,220.0,197.53656005859375,43458.043212890625,0.30127516189829884,191.33549973337273,1364.2332715486264,2020-02-28
2020-02-28,GOOG,653.0,66.42118835449219,43373.0359954834,0.3006858449090035,73.69198608398438,-4747.830917358398,2020-02-28
2020-03-06,BABA,220.0,194.3455810546875,42756.02783203125,0.30221667100160904,191.33549973337273,662.2178906892514,2020-03-06
2020-03-06,NOW,637.0,63.448001861572266,40416.37718582153,0.285679086350807,68.87999725341797,-3460.181064605713,2020-03-06
2020-03-13,BABA,91.0,184.24082946777344,16765.915481567383,0.12091122503063707,191.33549973337273,-645.6149941695367,2020-03-13
2020-03-13,NOW,283.0,57.534000396728516,16282.12211227417,0.11742223875921916,68.87999725341797,-3210.9171104431152,2020-03-13
2020-03-20,BABA,91.0,172.17971801757812,15668.35433959961,0.11546373459171151,191.33549973337273,-1743.17613613731,2020-03-20
2020-03-20,NOW,283.0,50.939998626708984,14416.019611358643,0.10623498972498716,68.87999725341797,-5077.019611358643,2020-03-20
2020-03-27,BABA,230.0,179.10296630859375,41193.68225097656,0.300037177742701,183.94279475057152,-1113.1605416548846,2020-03-27
2020-03-27,NOW,752.0,54.79999923706055,41209.59942626953,0.3001531116454641,60.09872189481208,-3984.6394386291504,2020-03-27
2020-03-31,NOW,732.0,57.316001892089844,41955.313385009766,0.3000971060242104,58.47546855989077,-848.7296008302801,2020-04-03
2020-03-31,BABA,227.0,184.69668579101562,41926.14767456055,0.29988849012803936,184.37453851822673,73.12743092307937,2020-04-03
2020-04-03,JD,1172.0,34.950374603271484,40961.83903503418,0.3001509800247979,35.31181659633389,-423.6100158691406,2020-04-03
2020-04-03,VRTX,171.0,238.30999755859375,40751.00958251953,0.2986061112327439,232.68280377304345,962.2501373291016,2020-04-03
2020-04-09,JD,1137.0,36.93928146362305,41999.963024139404,0.3000697201971909,36.608154644071284,376.49119383035577,2020-04-10
2020-04-09,VRTX,170.0,246.61000061035156,41923.700103759766,0.2995248579751317,244.47532290739636,362.8952095023851,2020-04-10
2020-04-17,JD,1817.0,40.4351921081543,73470.74406051636,0.49453507057977886,38.206033413897615,4050.3813474643975,2020-04-17
2020-04-17,VRTX,277.0,270.4599914550781,74917.41763305664,0.5042726991617464,254.8580786147244,4321.72985677798,2020-04-17
2020-04-24,JD,1854.0,39.47140884399414,73179.99199676514,0.4996672647404061,39.081832593184416,722.2743690012285,2020-04-24
2020-04-24,VRTX,271.0,269.8599853515625,73132.05603027344,0.49933996170844275,264.63498187900166,1415.9759410639817,2020-04-24
2020-04-30,JD,1854.0,37.762874603271484,70012.36951446533,0.5064809838440681,39.081832593184416,-2445.348113298576,2020-05-01
2020-04-30,VRTX,271.0,251.1999969482422,68075.19917297363,0.4924671753237101,264.63498187900166,-3640.880916235823,2020-05-01
2020-05-01,ZTO,2671.0,25.362436294555664,67743.06734275818,0.4989856569251557,25.362436294555664,0.0,2020-05-01
2020-05-01,AMZN,595.0,114.302001953125,68009.69116210938,0.5009495694976068,114.302001953125,0.0,2020-05-01
2020-05-08,AMZN,595.0,118.98049926757812,70793.39706420898,0.4879653907812376,114.302001953125,2783.7059020996094,2020-05-08
2020-05-08,ZTO,2671.0,27.80851173400879,74276.53484153748,0.5119739954978246,25.362436294555664,6533.467498779297,2020-05-08
2020-05-15,AMZN,595.0,120.48899841308594,71690.95405578613,0.47422664470078396,114.302001953125,3681.262893676758,2020-05-15
2020-05-15,ZTO,2671.0,29.754663467407227,79474.7061214447,0.5257151856735783,25.362436294555664,11731.638778686523,2020-05-15
2020-05-22,AMZN,595.0,121.84400177001953,72497.18105316162,0.4976274410280547,114.302001953125,4487.489891052246,2020-05-22
2020-05-22,ZTO,2671.0,27.397859573364258,73179.68292045593,0.5023121977701063,25.362436294555664,5436.615577697754,2020-05-22
2020-05-29,AMZN,595.0,122.11849975585938,72660.50735473633,0.48295123110023586,114.302001953125,4650.816192626953,2020-05-29
2020-05-29,ZTO,2671.0,29.120824813842773,77781.72307777405,0.5169903195708964,25.362436294555664,10038.65573501587,2020-05-29
2020-06-05,ABT,907.0,80.5941162109375,73098.86340332031,0.5117341032409742,83.4193115234375,-2562.4521484375,2020-06-05
2020-06-05,RGEN,579.0,120.26000213623047,69630.54123687744,0.48745385248245393,129.9600067138672,-5616.30265045166,2020-06-05
2020-06-12,ABT,907.0,79.84073638916016,72415.54790496826,0.5166040413840185,83.4193115234375,-3245.767646789551,2020-06-12
2020-06-12,RGEN,579.0,116.83000183105469,67644.57106018066,0.48256845109060104,129.9600067138672,-7602.2728271484375,2020-06-12
2020-06-19,RGEN,579.0,115.58999633789062,66926.60787963867,0.4753022776325139,129.9600067138672,-8320.23600769043,2020-06-19
2020-06-19,ABT,907.0,81.32955932617188,73765.91030883789,0.5238739313440262,83.4193115234375,-1895.4052429199219,2020-06-19
2020-06-26,ABT,907.0,79.56270599365234,72163.37433624268,0.5164380704000702,83.4193115234375,-3497.9412155151367,2020-06-26
2020-06-26,RGEN,579.0,116.5,67453.5,0.4827317971498409,129.9600067138672,-7793.343887329102,2020-06-26
2020-06-30,RGEN,579.0,123.61000061035156,71570.19035339355,0.489997981465519,129.9600067138672,-3676.653533935547,2020-07-03
2020-06-30,ABT,907.0,82.00223541259766,74376.02751922607,0.5092078583820149,83.4193115234375,-1285.2880325317383,2020-07-03
2020-07-02,CDNS,753.0,97.81999969482422,73658.45977020264,0.5002655860902484,97.06999969482422,564.75,2020-07-03
2020-07-02,MELI,74.0,988.4199829101562,73143.07873535156,0.49676527673998594,977.1400146484375,834.7176513671875,2020-07-03
2020-07-10,CDNS,753.0,100.97000122070312,76030.41091918945,0.49654459028719033,97.06999969482422,2936.7011489868164,2020-07-10
2020-07-10,MELI,74.0,1035.8299560546875,76651.41674804688,0.5006002974855075,977.1400146484375,4343.0556640625,2020-07-10
2020-07-17,CDNS,753.0,100.2300033569336,75473.192527771,0.5123786545273428,97.06999969482422,2379.4827575683594,2020-07-17
2020-07-17,MELI,74.0,964.719970703125,71389.27783203125,0.4846534365138393,977.1400146484375,-919.083251953125,2020-07-17
2020-07-24,CDNS,753.0,102.58999633789062,77250.26724243164,0.5120228380430528,97.06999969482422,4156.557472229004,2020-07-24
2020-07-24,MELI,74.0,988.989990234375,73185.25927734375,0.4850795407671999,977.1400146484375,876.898193359375,2020-07-24
2020-07-31,CDNS,753.0,109.25,82265.25,0.49579988719708856,97.06999969482422,9171.540229797363,2020-07-31
2020-07-31,MELI,74.0,1124.6199951171875,83221.87963867188,0.5015653454792053,977.1400146484375,10913.5185546875,2020-07-31
2020-08-07,CTAS,1214.0,72.8946304321289,88494.08134460449,0.50359994068869,70.24462890625,3217.101852416992,2020-08-07
2020-08-07,MELI,73.0,1193.969970703125,87159.80786132812,0.49600688998031695,977.1400146484375,15828.586791992188,2020-08-07
2020-08-14,MELI,73.0,1156.43994140625,84420.11572265625,0.48290067141770365,977.1400146484375,13088.894653320312,2020-08-14
2020-08-14,CTAS,1214.0,74.40658569335938,90329.59503173828,0.5167041257443942,70.24462890625,5052.615539550781,2020-08-14
2020-08-21,MELI,73.0,1202.280029296875,87766.44213867188,0.48951501420706506,977.1400146484375,16435.221069335938,2020-08-21
2020-08-21,CTAS,1214.0,75.3353500366211,91457.11494445801,0.5100996443565192,70.24462890625,6180.135452270508,2020-08-21
2020-08-28,MELI,73.0,1178.9000244140625,86059.70178222656,0.47432353549493167,977.1400146484375,14728.480712890625,2020-08-28
2020-08-28,CTAS,1214.0,78.5073471069336,95307.91938781738,0.5252956767046547,70.24462890625,10030.939895629883,2020-08-28
2020-08-31,MELI,73.0,1168.5899658203125,85307.06750488281,0.4726117160996719,977.1400146484375,13975.846435546875,2020-09-04
2020-08-31,CTAS,1214.0,78.35685729980469,95125.22476196289,0.5270055229192472,70.24462890625,9848.24526977539,2020-09-04
2020-09-04,HD,367.0,235.8667755126953,86563.10661315918,0.4959215139055698,248.79464721679688,-4744.528915405273,2020-09-04
2020-09-04,GOOG,1114.0,78.90420532226562,87899.2847290039,0.5035765011164433,82.35933685302734,-3849.0165252685547,2020-09-04
2020-09-11,GOOG,1114.0,75.41683959960938,84014.35931396484,0.4861767683102694,82.35933685302734,-7733.941940307617,2020-09-11
2020-09-11,HD,367.0,241.70086669921875,88704.21807861328,0.51331618110407,248.79464721679688,-2603.417449951172,2020-09-11
2020-09-18,GOOG,1114.0,72.4050521850586,80659.22813415527,0.4770332711666434,82.35933685302734,-11089.073120117188,2020-09-18
2020-09-18,HD,367.0,240.7037353515625,88338.27087402344,0.522448519519071,248.79464721679688,-2969.3646545410156,2020-09-18
2020-09-25,GOOG,705.0,71.65967559814453,50520.071296691895,0.3039731087501533,82.35933685302734,-7543.261184692383,2020-09-25
2020-09-25,HD,210.0,234.8958740234375,49328.133544921875,0.29680136463850304,248.79464721679688,-2918.7423706054688,2020-09-25
2020-09-30,GOOG,705.0,72.88165283203125,51381.56524658203,0.3044956700152319,82.35933685302734,-6681.767234802246,2020-10-02
2020-10-02,HD,345.0,244.30738830566406,84286.0489654541,0.49919282548220045,247.03876329504925,-942.3243713378906,2020-10-02
2020-10-02,ENTG,1137.0,74.30097198486328,84480.20514678955,0.5003427355080625,74.72636363248397,-483.670303344712,2020-10-02
2020-10-09,HD,356.0,250.089111328125,89031.7236328125,0.4995887932694415,244.91452611709843,1842.1523351254582,2020-10-09
2020-10-09,ENTG,1100.0,80.98533630371094,89083.86993408203,0.49988140478656945,76.14543740433335,5323.888789315344,2020-10-09
2020-10-16,ENTG,1100.0,79.67391967773438,87641.31164550781,0.49428500029415867,76.14543740433335,3881.3305007411254,2020-10-16
2020-10-16,HD,356.0,251.61106872558594,89573.5404663086,0.5051825063369821,244.91452611709843,2383.969168621552,2020-10-16
2020-10-23,HD,356.0,247.5350341796875,88122.47216796875,0.5106656238628887,244.91452611709843,932.9008702817082,2020-10-23
2020-10-23,ENTG,1100.0,76.67913818359375,84347.05200195312,0.48878723975732236,76.14543740433335,587.0708571864379,2020-10-23
2020-10-30,HD,356.0,233.28648376464844,83049.98822021484,0.5072655487058574,244.91452611709843,-4139.583077472198,2020-10-30
2020-10-30,ENTG,1100.0,73.25138854980469,80576.52740478516,0.49215776260461896,76.14543740433335,-3183.453739981531,2020-10-30
2020-11-06,GOOG,585.0,87.37018585205078,51111.55872344971,0.3002261798458459,84.40175879062751,1736.52983093261,2020-11-06
2020-11-06,GOOGL,585.0,87.26525115966797,51050.17192840576,0.29986559755429926,84.29229034684663,1739.1820755004883,2020-11-06
2020-11-13,GOOG,974.0,88.12747955322266,85836.16508483887,0.5009133301881713,85.61206445556891,2450.014305114746,2020-11-13
2020-11-13,GOOGL,973.0,87.8866195678711,85513.68083953857,0.4990314118022913,85.51122527793892,2311.258644104004,2020-11-13
2020-11-20,GOOGL,973.0,86.1073226928711,83782.42498016357,0.4988663174224238,85.51122527793892,580.0027847290039,2020-11-20
2020-11-20,GOOG,974.0,86.40015411376953,84153.75010681152,0.5010773013912113,85.61206445556891,767.5993270874023,2020-11-20
2020-11-27,GOOG,974.0,88.92938995361328,86617.22581481934,0.5011046906183808,85.61206445556891,3231.075035095215,2020-11-27
2020-11-27,GOOGL,973.0,88.61856079101562,86225.8596496582,0.4988405287352601,85.51122527793892,3023.437454223633,2020-11-27
2020-12-04,GOOG,973.0,90.65522766113281,88207.53651428223,0.5003100069797488,85.61206445556891,4906.997799013669,2020-12-04
2020-12-04,GOOGL,974.0,90.44051361083984,88089.06025695801,0.4996380138658813,85.51484018282724,4797.605918884277,2020-12-04
2020-12-11,GOOGL,974.0,88.0125732421875,85724.24633789062,0.4992366431537313,85.51484018282724,2432.7919998168945,2020-12-11
2020-12-11,GOOG,973.0,88.363037109375,85977.23510742188,0.5007099866878179,85.61206445556891,2676.696392153317,2020-12-11
2020-12-18,GOOG,973.0,85.845703125,83527.869140625,0.5004220804889912,85.61206445556891,227.330425356442,2020-12-18
2020-12-18,GOOGL,974.0,85.6034927368164,83377.80192565918,0.4995230159169026,85.51484018282724,86.34758758544922,2020-12-18
2020-12-24,GOOG,973.0,86.23452758789062,83906.19534301758,0.5004047330765568,85.61206445556891,605.6566277490201,2020-12-25
2020-12-24,GOOGL,974.0,85.99723052978516,83761.30253601074,0.49954061277985445,85.51484018282724,469.8481979370117,2020-12-25
2020-12-31,GOOGL,974.0,86.91368103027344,84653.92532348633,0.5003245266717881,85.51484018282724,1362.4709854125977,2021-01-01
2020-12-31,GOOG,973.0,86.88072204589844,84534.94255065918,0.49962131061571796,85.61206445556891,1234.4038353906217,2021-01-01
2021-01-08,GOOG,972.0,89.62468719482422,87115.19595336914,0.49763469249080194,85.61206445556891,3900.2693025561603,2021-01-08
2021-01-08,HPQ,4149.0,21.195337295532227,87939.45443916321,0.5023431662951957,20.01643180847168,4891.278865814209,2021-01-08
2021-01-15,GOOG,972.0,86.10261535644531,83691.74212646484,0.491163072883556,85.61206445556891,476.8154756518634,2021-01-15
2021-01-15,HPQ,4149.0,20.89645767211914,86699.40288162231,0.5088141799242264,20.01643180847168,3651.2273082733154,2021-01-15
2021-01-22,HPQ,4149.0,20.979480743408203,87043.86560440063,0.48713194500677587,20.01643180847168,3995.6900310516357,2021-01-22
2021-01-22,GOOG,972.0,94.27848052978516,91638.68307495117,0.5128463633157352,85.61206445556891,8423.756424138192,2021-01-22
2021-01-29,GOOG,972.0,91.0395736694336,88490.46560668945,0.5134800447746516,85.61206445556891,5275.538955876473,2021-01-29
2021-01-29,HPQ,4149.0,20.207382202148438,83840.42875671387,0.4864974640688185,20.01643180847168,792.2531833648682,2021-01-29
2021-02-05,GOOG,933.0,104.0457992553711,97074.73070526123,0.501192284191144,85.61206445556891,17198.67456821543,2021-02-05
2021-02-05,GOOGL,932.0,103.58536529541016,96541.56045532227,0.4984395511834058,93.87760925292969,9047.628631591797,2021-02-05
2021-02-12,GOOG,933.0,104.34879302978516,97357.42389678955,0.5011788452021851,85.61206445556891,17481.36775974375,2021-02-12
2021-02-12,GOOGL,932.0,103.89282989501953,96828.1174621582,0.4984540690418397,93.87760925292969,9334.185638427734,2021-02-12
2021-02-19,GOOG,933.0,104.20149993896484,97219.9994430542,0.5015685277704911,85.61206445556891,17343.943306008397,2021-02-19
2021-02-19,GOOGL,932.0,103.58436584472656,96540.62896728516,0.4980635817584125,93.87760925292969,9046.697143554688,2021-02-19
2021-02-26,GOOG,933.0,101.01368713378906,94245.7700958252,0.5019327751986252,85.61206445556891,14369.713958779394,2021-02-26
2021-02-26,GOOGL,932.0,100.26678466796875,93448.64331054688,0.49768744875996285,93.87760925292969,5954.711486816406,2021-02-26
2021-03-05,LPX,523.0,45.15890121459961,23618.105335235596,0.1253126536231109,45.709041595458984,-287.7234191894531,2021-03-05
2021-03-05,GOOG,226.0,104.56849670410156,23632.480255126953,0.12538892389676906,85.61206445556891,4284.153688168379,2021-03-05
2021-03-12,GOOG,226.0,102.2564697265625,23109.962158203125,0.1216944012261055,85.61206445556891,3761.6355912445506,2021-03-12
2021-03-12,LPX,523.0,48.88872146606445,25568.80132675171,0.13464236532398705,45.709041595458984,1662.9725723266602,2021-03-12
2021-03-19,GOOG,565.0,101.32810974121094,57250.38200378418,0.30076811179117063,94.83399051611428,3669.177362179609,2021-03-19
2021-03-19,LPX,1135.0,50.25010681152344,57033.8712310791,0.2996306602317269,48.16767015163069,2363.5656089782715,2021-03-19
2021-03-26,GOOG,924.0,100.94869995117188,93276.59875488281,0.4775838363474295,97.54519256810104,3144.8408219574485,2021-03-26
2021-03-26,LPX,1952.0,52.264217376708984,102019.75231933594,0.5223494997273632,48.145530223846436,8039.677322387695,2021-03-26
2021-03-31,GOOG,924.0,102.58924865722656,94792.46575927734,0.4842493608424149,97.54519256810104,4660.70782635198,2021-04-02
2021-03-31,LPX,1952.0,51.71406936645508,100945.86340332031,0.5156841257498295,48.145530223846436,6965.78840637207,2021-04-02
2021-04-01,NDAQ,2137.0,46.988014221191406,100413.38639068604,0.5010450971197177,46.988014221191406,0.0,2021-04-02
2021-04-01,MCO,341.0,293.09906005859375,99946.77947998047,0.4987168108892187,293.09906005859375,0.0,2021-04-02
2021-04-09,NDAQ,2137.0,48.62333297729492,103908.06257247925,0.503171205401575,46.988014221191406,3494.676181793213,2021-04-09
2021-04-09,MCO,341.0,300.7348937988281,102550.59878540039,0.4965977338814317,293.09906005859375,2603.819305419922,2021-04-09
2021-04-16,NDAQ,2137.0,49.89108657836914,106617.25201797485,0.5035497797117792,46.988014221191406,6203.865627288818,2021-04-16
2021-04-16,MCO,341.0,308.1124267578125,105066.33752441406,0.49622486149448464,293.09906005859375,5119.558044433594,2021-04-16
2021-04-23,NDAQ,2137.0,50.60750198364258,108148.23173904419,0.5027065417918086,46.988014221191406,7734.845348358154,2021-04-23
2021-04-23,MCO,341.0,313.59527587890625,106935.98907470703,0.497071661703599,293.09906005859375,6989.2095947265625,2021-04-23
2021-04-30,NDAQ,2137.0,50.31782531738281,107529.19270324707,0.5020503731640716,46.988014221191406,7115.806312561035,2021-04-30
2021-04-30,MCO,341.0,312.6192932128906,106603.1789855957,0.49772684463368516,293.09906005859375,6656.399505615234,2021-04-30
2021-05-07,GOOG,905.0,118.9578628540039,107656.86588287354,0.49802734950315025,118.7833023071289,157.977294921875,2021-05-07
2021-05-07,ORLY,2894.0,37.487998962402344,108490.26899719238,0.5018827240831929,36.99733352661133,1419.9857711791992,2021-05-07
2021-05-14,ORLY,702.0,36.888668060302734,25895.84497833252,0.12461638438109789,36.99733352661133,-76.28315734863281,2021-05-14
2021-05-14,GOOG,232.0,114.8649673461914,26648.672424316406,0.12823915222126162,118.7833023071289,-909.0537109375,2021-05-14
2021-05-21,GOOG,232.0,116.3001708984375,26981.6396484375,0.12990042162466084,118.7833023071289,-576.0864868164062,2021-05-21
2021-05-21,ORLY,702.0,36.279998779296875,25468.559143066406,0.12261584595910666,36.99733352661133,-503.5689926147461,2021-05-21
2021-05-28,GOOG,869.0,119.59613800048828,103929.04392242432,0.4991306768525038,119.22935033695059,318.7384796142578,2021-05-28
2021-05-28,ORLY,2921.0,35.67466735839844,104205.70335388184,0.5004593642344842,35.84635290859579,-501.49349212646484,2021-05-28
2021-06-04,IRM,2893.0,37.33500671386719,108010.17442321777,0.5009014574453936,36.1169319152832,3523.890392303467,2021-06-04
2021-06-04,NDAQ,2029.0,53.0246467590332,107587.00827407837,0.4989390076856613,51.22425079345703,3653.0034141540527,2021-06-04
2021-06-11,NDAQ,2029.0,54.044471740722656,109656.23316192627,0.5003856390808868,51.22425079345703,5722.228302001953,2021-06-11
2021-06-11,IRM,2893.0,37.83367156982422,109452.81185150146,0.4994573826609414,36.1169319152832,4966.527820587158,2021-06-11
2021-06-18,IRM,2893.0,36.664546966552734,106070.53437423706,0.4875278685008366,36.1169319152832,1584.250343322754,2021-06-18
2021-06-18,NDAQ,2029.0,54.9350471496582,111463.2106666565,0.5123140166414913,51.22425079345703,7529.205806732178,2021-06-18
2021-06-25,IRM,2893.0,35.76139831542969,103457.72532653809,0.4780974658328416,36.1169319152832,-1028.5587043762207,2021-06-25
2021-06-25,NDAQ,2029.0,55.6444091796875,112902.50622558594,0.5217435618486692,51.22425079345703,8968.501365661621,2021-06-25
2021-06-30,IRM,2893.0,35.06538772583008,101444.16669082642,0.4763939119385492,36.1169319152832,-3042.1173400878906,2021-07-02
2021-07-02,NDAQ,1942.0,55.585025787353516,107946.12007904053,0.4999070376844381,51.22425079345703,8468.625038146973,2021-07-02
2021-07-02,IDXX,166.0,648.2000122070312,107601.20202636719,0.49830969484497745,638.9500122070312,1535.5,2021-07-02
2021-07-09,NDAQ,1942.0,54.92567825317383,106665.66716766357,0.4897914649987122,51.22425079345703,7188.1721267700195,2021-07-09
2021-07-09,IDXX,166.0,667.030029296875,110726.98486328125,0.5084403779693218,638.9500122070312,4661.2828369140625,2021-07-09
2021-07-16,NDAQ,1942.0,55.79439926147461,108352.72336578369,0.49344105700988194,51.22425079345703,8875.228324890137,2021-07-16
2021-07-16,IDXX,166.0,667.760009765625,110848.16162109375,0.5048053462695641,638.9500122070312,4782.4595947265625,2021-07-16
2021-07-23,NDAQ,1942.0,58.67237854003906,113941.75912475586,0.49650494401884665,51.22425079345703,14464.264083862305,2021-07-23
2021-07-23,IDXX,166.0,693.739990234375,115160.83837890625,0.5018171217619843,638.9500122070312,9095.136352539062,2021-07-23
2021-07-30,NDAQ,1942.0,58.350528717041016,113316.72676849365,0.5006531757694568,51.22425079345703,13839.231727600098,2021-07-30
2021-07-30,IDXX,166.0,678.530029296875,112635.98486328125,0.49764553862317534,638.9500122070312,6570.2828369140625,2021-07-30
2021-08-06,MCO,311.0,369.0732421875,114781.7783203125,0.4942348890640419,363.5606994628906,1714.4007873535156,2021-08-06
2021-08-06,TROW,675.0,174.0113067626953,117457.63206481934,0.5057567551469783,167.70138549804688,4259.196853637695,2021-08-06
2021-08-13,MCO,311.0,364.93157958984375,113493.7212524414,0.49042347423104604,363.5606994628906,426.3437194824219,2021-08-13
2021-08-13,TROW,675.0,174.70248413085938,117924.17678833008,0.5095681403179372,167.70138549804688,4725.7415771484375,2021-08-13
2021-08-20,MCO,311.0,361.4756774902344,112418.93569946289,0.48732586831361796,363.5606994628906,-648.4418334960938,2021-08-20
2021-08-20,TROW,675.0,175.2066192626953,118264.46800231934,0.5126657195363727,167.70138549804688,5066.032791137695,2021-08-20
2021-08-27,MCO,311.0,362.848876953125,112846.00073242188,0.480086892370261,363.5606994628906,-221.37680053710938,2021-08-27
2021-08-27,TROW,675.0,181.04495239257812,122205.34286499023,0.5199048518007348,167.70138549804688,9006.907653808594,2021-08-27
2021-08-31,MCO,311.0,365.6530456542969,113718.09719848633,0.4806445619544562,363.5606994628906,650.7196655273438,2021-09-03
2021-09-03,TROW,655.0,177.7273712158203,116411.4281463623,0.4948117519269049,167.70138549804688,6567.020645141602,2021-09-03
2021-09-03,DHR,412.0,288.19659423828125,118736.99682617188,0.5046966810185413,284.00927734375,1725.174560546875,2021-09-03
2021-09-10,DHR,412.0,286.0812683105469,117865.48254394531,0.5051162164980886,284.00927734375,853.6602783203125,2021-09-10
2021-09-10,TROW,655.0,176.1254425048828,115362.16484069824,0.494388170087339,167.70138549804688,5517.757339477539,2021-09-10
2021-09-17,TROW,655.0,174.4823455810547,114285.93635559082,0.49621174865156065,167.70138549804688,4441.528854370117,2021-09-17
2021-09-17,DHR,412.0,281.3477783203125,115915.28466796875,0.5032861254386741,284.00927734375,-1096.53759765625,2021-09-17
2021-09-24,TROW,655.0,172.6109619140625,113060.18005371094,0.49353929826745735,167.70138549804688,3215.7725524902344,2021-09-24
2021-09-24,DHR,412.0,281.32177734375,115904.572265625,0.5059558655823031,284.00927734375,-1107.25,2021-09-24
2021-09-30,DHR,246.0,264.113525390625,64971.92724609375,0.30161376448149985,284.00927734375,-4894.35498046875,2021-10-01
2021-09-30,TROW,396.0,160.74505615234375,63655.042236328125,0.2955004989217416,167.70138549804688,-2754.7064208984375,2021-10-01
2021-10-01,RGEN,229.0,281.6000061035156,64486.40139770508,0.3000584652497105,281.6000061035156,0.0,2021-10-01
2021-10-01,ORLY,1602.0,40.29600143432617,64554.19429779053,0.30037390901945993,40.29600143432617,0.0,2021-10-01
2021-10-08,ORLY,657.0,40.68333435058594,26728.95066833496,0.1263974117087202,40.29600143432617,254.47772598266602,2021-10-08
2021-10-08,RGEN,99.0,258.7799987792969,25619.21987915039,0.12114965240881713,281.6000061035156,-2259.1807250976562,2021-10-08
2021-10-15,ORLY,657.0,41.93266677856445,27549.762073516846,0.12928441711623107,40.29600143432617,1075.2891311645508,2021-10-15
2021-10-15,RGEN,99.0,266.9200134277344,26425.081329345703,0.12400656048487418,281.6000061035156,-1453.3192749023438,2021-10-15
2021-10-22,ORLY,2498.0,44.237998962402344,110506.52140808105,0.5010966739025539,42.12068942721316,5289.039218902588,2021-10-22
2021-10-22,RGEN,400.0,274.95001220703125,109980.0048828125,0.4987091615982573,269.5381243133545,2164.755157470703,2021-10-22
2021-10-29,ORLY,2498.0,41.487998962402344,103637.02140808105,0.4713348037270508,42.12068942721316,-1580.460781097412,2021-10-29
2021-10-29,RGEN,400.0,290.5,116200.0,0.528470458229637,269.5381243133545,8384.750274658203,2021-10-29
2021-11-05,CPRT,2904.0,38.47999954223633,111745.9186706543,0.49730213600269935,38.64250183105469,-471.9066467285156,2021-11-05
2021-11-05,ODFL,662.0,170.46368408203125,112846.95886230469,0.5022020880156792,168.557861328125,1261.6546630859375,2021-11-05
2021-11-12,CPRT,2904.0,38.912498474121094,113001.89556884766,0.4940488030999121,38.64250183105469,784.0702514648438,2021-11-12
2021-11-12,ODFL,662.0,174.64181518554688,115612.88165283203,0.5054641385968028,168.557861328125,4027.5774536132812,2021-11-12
2021-11-19,CPRT,2904.0,38.102500915527344,110649.6626586914,0.49270629676814576,38.64250183105469,-1568.1626586914062,2021-11-19
2021-11-19,ODFL,662.0,171.92481994628906,113814.23080444336,0.5067976425029572,168.557861328125,2228.9266052246094,2021-11-19
2021-11-26,CPRT,2904.0,36.48249816894531,105945.17468261719,0.48168187088581155,38.64250183105469,-6272.650634765625,2021-11-26
2021-11-26,ODFL,662.0,172.04208374023438,113891.85943603516,0.5178116331976212,168.557861328125,2306.5552368164062,2021-11-26
2021-11-30,CPRT,2904.0,36.290000915527344,105386.1626586914,0.47802873193570594,38.64250183105469,-6831.662658691406,2021-12-03
2021-11-30,ODFL,662.0,173.6591033935547,114962.3264465332,0.5214659471907688,168.557861328125,3377.022247314453,2021-12-03
2021-12-03,AZO,59.0,1863.0,109917.0,0.49945841258745516,1806.8299560546875,3314.0325927734375,2021-12-03
2021-12-03,FDS,244.0,446.5226135253906,108951.51770019531,0.4950712999766512,443.1142272949219,831.646240234375,2021-12-03
2021-12-10,AZO,59.0,2003.02001953125,118178.18115234375,0.517732364243227,1806.8299560546875,11575.213745117188,2021-12-10
2021-12-10,FDS,244.0,446.225830078125,108879.1025390625,0.47699359242602135,443.1142272949219,759.2310791015625,2021-12-10
2021-12-17,AZO,59.0,1996.3699951171875,117785.82971191406,0.5131928210187756,1806.8299560546875,11182.8623046875,2021-12-17
2021-12-17,FDS,244.0,452.9756164550781,110526.05041503906,0.4815619650282936,443.1142272949219,2406.178955078125,2021-12-17
2021-12-23,AZO,35.0,2014.5,70507.5,0.30572078456229385,1806.8299560546875,7268.4515380859375,2021-12-24
2021-12-23,FDS,153.0,459.0936279296875,70241.32507324219,0.30456664908111514,443.1142272949219,2444.8482971191406,2021-12-24
2021-12-31,AZO,56.0,2096.389892578125,117397.833984375,0.5004368919733863,1910.9637298583984,10383.865112304688,2021-12-31
2021-12-31,FDS,251.0,465.3168029785156,116794.51754760742,0.4978651085575815,451.30821161156155,3516.1564331054688,2021-12-31
2022-01-07,FDS,251.0,423.0561828613281,106187.10189819336,0.489594207076789,451.30821161156155,-7091.259216308594,2022-01-07
2022-01-07,STE,489.0,225.97845458984375,110503.4642944336,0.5094955509035506,233.44656372070312,-3651.9053649902344,2022-01-07
2022-01-14,FDS,154.0,408.9246520996094,62974.396423339844,0.29338377978302416,451.30821161156155,-6527.068164840632,2022-01-14
2022-01-14,STE,289.0,225.6993408203125,65227.10949707031,0.30387867157833054,233.44656372070312,-2238.9474182128906,2022-01-14
2022-01-21,FDS,66.0,402.2323303222656,26547.33380126953,0.12463687815015777,451.30821161156155,-3239.0081650935317,2022-01-21
2022-01-21,STE,121.0,219.1165771484375,26513.105834960938,0.12447618152811402,233.44656372070312,-1733.9283752441406,2022-01-21
2022-01-28,FDS,66.0,394.6112060546875,26044.339599609375,0.1230929905439997,451.30821161156155,-3742.002366753688,2022-01-28
2022-01-28,STE,121.0,211.58111572265625,25601.315002441406,0.12099912971326572,233.44656372070312,-2645.719207763672,2022-01-28
2022-01-31,FDS,66.0,403.9269104003906,26659.17608642578,0.12532088874832042,451.30821161156155,-3127.1658799372817,2022-02-04
2022-01-31,STE,121.0,215.9599609375,26131.1552734375,0.1228387401122643,233.44656372070312,-2115.878936767578,2022-02-04
2022-02-04,AAPL,155.0,168.7495880126953,26156.186141967773,0.12329749357599623,170.70521545410156,-303.12225341796875,2022-02-04
2022-02-04,ATO,277.0,95.23426818847656,26379.892288208008,0.12435202067636389,95.70249938964844,-129.70004272460938,2022-02-04
2022-02-11,AAPL,160.0,165.07875061035156,26412.60009765625,0.12522020735734554,169.39798277189624,-691.07714584715,2022-02-11
2022-02-11,ATO,275.0,96.06269073486328,26417.239952087402,0.1252422045682157,95.5287492514729,146.83390793235594,2022-02-11
2022-02-18,AAPL,160.0,163.76705932617188,26202.7294921875,0.12434250821017134,169.39798277189624,-900.9477513159,2022-02-18
2022-02-18,ATO,275.0,96.1023941040039,26428.158378601074,0.12541225909883533,95.5287492514729,157.75233444602782,2022-02-18
2022-02-25,AAPL,160.0,161.3688201904297,25819.01123046875,0.12230314255660568,169.39798277189624,-1284.66601303465,2022-02-25
2022-02-25,ATO,275.0,98.86654663085938,27188.300323486328,0.12878938471551946,95.5287492514729,917.8942793312817,2022-02-25
2022-02-28,AAPL,160.0,161.6331024169922,25861.29638671875,0.12237491420518626,169.39798277189624,-1242.38085678465,2022-03-04
2022-02-28,ATO,275.0,99.51905822753906,27367.741012573242,0.12950336705175283,95.5287492514729,1097.3349684181958,2022-03-04
2022-03-04,BYD,404.0,64.17354583740234,25926.112518310547,0.12253647707357258,65.22636413574219,-425.3385925292969,2022-03-04
2022-03-04,FCX,585.0,47.13693618774414,27575.107669830322,0.13033024316310596,45.06746292114258,1210.641860961914,2022-03-04
2022-03-11,BYD,404.0,61.46495056152344,24831.84002685547,0.11896373570088142,65.22636413574219,-1519.611083984375,2022-03-11
2022-03-11,FCX,585.0,44.14561080932617,25825.18232345581,0.12372261423366304,45.06746292114258,-539.2834854125977,2022-03-11
2022-03-18,BYD,404.0,66.07937622070312,26696.067993164062,0.12638292662008913,65.22636413574219,344.61688232421875,2022-03-18
2022-03-18,FCX,585.0,45.227386474609375,26458.021087646484,0.12525597921345716,45.06746292114258,93.55527877807617,2022-03-18
2022-03-25,FCX,1321.0,48.84894561767578,64529.45716094971,0.3002014685316048,47.84631616157076,1324.4735115147341,2022-03-25
2022-03-25,BYD,974.0,66.20408630371094,64482.78005981445,0.2999843191098662,65.82001182333698,374.0885438842306,2022-03-25
2022-03-31,BYD,410.0,63.10542678833008,25873.224983215332,0.12533538758528287,65.06546803277658,-803.616910223067,2022-04-01
2022-03-31,FCX,553.0,46.78888702392578,25874.254524230957,0.12534037490025082,47.555999645616396,-424.2132797949089,2022-04-01
2022-04-01,OKE,1818.0,56.843692779541016,103341.83347320557,0.5010480387881667,56.843692779541016,0.0,2022-04-01
2022-04-01,STLD,1286.0,79.99427032470703,102872.63163757324,0.4987731356667668,79.99427032470703,0.0,2022-04-01
2022-04-08,OKE,1781.0,56.986934661865234,101493.73063278198,0.4989520242373188,56.709031389390866,494.94572827685624,2022-04-08
2022-04-08,STLD,1301.0,78.30948638916016,101880.64179229736,0.5008541132140133,78.29747380692075,15.628369493468199,2022-04-08
2022-04-14,OKE,452.0,56.74024963378906,25646.592834472656,0.12605358775652242,56.709031389390866,14.110646467983315,2022-04-15
2022-04-14,STLD,321.0,83.12853240966797,26684.258903503418,0.13115374011355282,78.29747380692075,1550.7698114818559,2022-04-15
2022-04-22,STLD,321.0,84.34271240234375,27074.010681152344,0.13329005816263842,78.29747380692075,1940.5215891307816,2022-04-22
2022-04-22,OKE,452.0,55.132720947265625,24919.989868164062,0.12268543948135031,56.709031389390866,-712.4923198406104,2022-04-22
2022-04-29,OKE,452.0,51.11187744140625,23102.568603515625,0.11543356541465798,56.709031389390866,-2529.913584489048,2022-04-29
2022-04-29,STLD,321.0,80.70960235595703,25907.782356262207,0.12945000794912553,78.29747380692075,774.2932642406449,2022-04-29
2022-05-06,FCX,657.0,35.74424362182617,23483.968059539795,0.11828816926334708,37.914573669433594,-1425.9068412780762,2022-05-06
2022-05-06,LYB,311.0,81.77323150634766,25431.47499847412,0.12809771379390292,80.13362121582031,509.9188003540039,2022-05-06
2022-05-13,FCX,657.0,33.06437683105469,21723.29557800293,0.1108537269569882,37.914573669433594,-3186.5793228149414,2022-05-13
2022-05-13,LYB,311.0,79.17655181884766,24623.90761566162,0.125655516753393,80.13362121582031,-297.6485824584961,2022-05-13
2022-05-20,FCX,657.0,34.26277160644531,22510.64094543457,0.11425776317828011,37.914573669433594,-2399.233955383301,2022-05-20
2022-05-20,LYB,311.0,80.02975463867188,24889.253692626953,0.12633094104204345,80.13362121582031,-32.30250549316406,2022-05-20
2022-05-27,FCX,657.0,37.41445541381836,24581.297206878662,0.12216615308454169,37.914573669433594,-328.577693939209,2022-05-27
2022-05-27,LYB,311.0,86.86274719238281,27014.314376831055,0.13425796197242035,80.13362121582031,2092.7581787109375,2022-05-27
2022-05-31,FCX,657.0,36.876590728759766,24227.920108795166,0.12101516552738556,37.914573669433594,-681.9547920227051,2022-06-03
2022-05-31,LYB,311.0,84.76313018798828,26361.333488464355,0.13167127517772587,80.13362121582031,1439.7772903442383,2022-06-03
2022-06-03,AEE,727.0,82.73634338378906,60149.32164001465,0.299888172629872,83.12677511978674,-283.8438720703125,2022-06-03
2022-06-03,VICI,2382.0,25.27862548828125,60213.68591308594,0.30020907540496095,25.08371583600689,464.2747917175293,2022-06-03
2022-06-10,AEE,309.0,79.63192749023438,24606.265594482422,0.1252942752778982,81.55127568315342,-593.0785916119858,2022-06-10
2022-06-10,VICI,1020.0,24.110925674438477,24593.144187927246,0.12522746151785627,25.047688891264805,-955.4984811628565,2022-06-10
2022-06-17,AEE,309.0,72.6270980834961,22441.773307800293,0.11610109665446511,81.55127568315342,-2757.5708782941147,2022-06-17
2022-06-17,VICI,1020.0,23.200931549072266,23664.95018005371,0.12242912494007478,25.047688891264805,-1883.6924890363916,2022-06-17
2022-06-24,AEE,309.0,78.44512176513672,24239.542625427246,0.12327042413906011,81.55127568315342,-959.8015606671615,2022-06-24
2022-06-24,VICI,1020.0,24.71491241455078,25209.210662841797,0.1282016801488494,25.047688891264805,-339.4320062483057,2022-06-24
2022-06-30,AEE,309.0,80.63134002685547,24915.08406829834,0.12655472835423393,81.55127568315342,-284.2601177960678,2022-07-01
2022-06-30,VICI,1020.0,24.28289222717285,24768.55007171631,0.12581041739460547,25.047688891264805,-780.092597373794,2022-07-01
2022-07-01,NOC,54.0,457.9599304199219,24729.83624267578,0.12496200817695993,457.9599304199219,0.0,2022-07-01
2022-07-01,VRTX,86.0,287.32000732421875,24709.520629882812,0.12485935162286702,287.32000732421875,0.0,2022-07-01
2022-07-08,NOC,131.0,452.366943359375,59260.069580078125,0.2995072225469162,453.67514590018646,-171.37453284630465,2022-07-08
2022-07-08,VRTX,201.0,294.2900085449219,59152.2917175293,0.2989625008060748,292.28179817769063,403.65028381347656,2022-07-08
2022-07-15,NOC,56.0,434.2602844238281,24318.575927734375,0.1239607493728361,453.67514590018646,-1087.2322426760657,2022-07-15
2022-07-15,VRTX,84.0,292.8399963378906,24598.559692382812,0.12538792986980205,292.28179817769063,46.88864545679826,2022-07-15
2022-07-22,VRTX,344.0,280.2900085449219,96419.76293945312,0.49893695094649165,281.7864850740049,-514.7879260045447,2022-07-22
2022-07-22,NOC,227.0,425.4563903808594,96578.60061645508,0.4997588777366305,426.83922012783677,-313.9023525638622,2022-07-22
2022-07-29,NOC,56.0,450.9263610839844,25251.876220703125,0.1274534985874779,426.4174081599076,1372.501363748299,2022-07-29
2022-07-29,VRTX,89.0,280.4100036621094,24956.490325927734,0.12596260082631866,281.9717010291789,-138.99106566919,2022-07-29
2022-08-05,ENPH,351.0,300.9100036621094,105619.41128540039,0.518294774845602,280.8900146484375,7027.016143798828,2022-08-05
2022-08-05,ORLY,2076.0,47.267333984375,98126.9853515625,0.48152799906863236,47.26599884033203,2.771759033203125,2022-08-05
2022-08-12,ORLY,2076.0,48.772666931152344,101252.05654907227,0.4907324396528655,47.26599884033203,3127.8429565429688,2022-08-12
2022-08-12,ENPH,351.0,299.260009765625,105040.26342773438,0.5090925210856279,280.8900146484375,6447.8682861328125,2022-08-12
2022-08-19,ENPH,351.0,283.70001220703125,99578.70428466797,0.49405633857371534,280.8900146484375,986.3091430664062,2022-08-19
2022-08-19,ORLY,2076.0,49.10333251953125,101938.51831054688,0.5057644752251794,47.26599884033203,3814.304718017578,2022-08-19
2022-08-26,ENPH,351.0,288.5899963378906,101295.08871459961,0.511478374024208,280.8900146484375,2702.693572998047,2022-08-26
2022-08-26,ORLY,2076.0,46.58599853515625,96712.53295898438,0.4883392643546241,47.26599884033203,-1411.6806335449219,2022-08-26
2022-08-31,ORLY,529.0,46.474666595458984,24585.098628997803,0.12503228071399414,47.26599884033203,-418.6147575378418,2022-09-02
2022-08-31,ENPH,87.0,286.44000244140625,24920.280212402344,0.1267369115742896,280.8900146484375,482.84893798828125,2022-09-02
2022-09-02,BJ,329.0,73.37000274658203,24138.73090362549,0.12336113654533615,74.4800033569336,-365.19020080566406,2022-09-02
2022-09-02,FSLR,192.0,126.41000366210938,24270.720703125,0.12403567124824405,127.83999633789062,-274.55859375,2022-09-02
2022-09-09,BJ,329.0,78.91000366210938,25961.391204833984,0.13025979809608995,74.4800033569336,1457.470100402832,2022-09-09
2022-09-09,FSLR,192.0,135.82000732421875,26077.44140625,0.13084207335577042,127.83999633789062,1532.162109375,2022-09-09
2022-09-16,BJ,329.0,78.44999694824219,25810.04899597168,0.12960010888298584,74.4800033569336,1306.1278915405273,2022-09-16
2022-09-16,FSLR,192.0,135.80999755859375,26075.51953125,0.13093311721174433,127.83999633789062,1530.240234375,2022-09-16
2022-09-23,BJ,329.0,73.11000061035156,24053.190200805664,0.12256385903196913,74.4800033569336,-450.7309036254883,2022-09-23
2022-09-23,FSLR,192.0,129.85000610351562,24931.201171875,0.12703779417272482,127.83999633789062,385.921875,2022-09-23
2022-09-30,FSLR,192.0,132.27000427246094,25395.8408203125,0.12916453447079967,127.83999633789062,850.5615234375,2022-09-30
2022-09-30,BJ,329.0,72.80999755859375,23954.489196777344,0.12183374700918734,74.4800033569336,-549.4319076538086,2022-09-30
2022-10-07,HUBB,114.0,218.21231079101562,24876.20343017578,0.12572895060276643,216.31689453125,216.07745361328125,2022-10-07
2022-10-07,ORLY,516.0,47.384666442871094,24450.487884521484,0.12357730519752459,47.87933349609375,-255.24819946289062,2022-10-07
2022-10-14,HUBB,114.0,207.3159637451172,23634.01986694336,0.11976243526433765,216.31689453125,-1026.1061096191406,2022-10-14
2022-10-14,ORLY,516.0,48.79399871826172,25177.703338623047,0.12758485789436386,47.87933349609375,471.9672546386719,2022-10-14
2022-10-21,HUBB,114.0,206.53494262695312,23544.983459472656,0.11911251183262092,216.31689453125,-1115.1425170898438,2022-10-21
2022-10-21,ORLY,516.0,49.60466766357422,25596.008514404297,0.12948851173701917,47.87933349609375,890.2724304199219,2022-10-21
2022-10-28,HUBB,113.0,225.8035430908203,25515.800369262695,0.12567461611020564,225.4748281689899,37.14478616683846,2022-10-28
2022-10-28,ORLY,456.0,55.753334045410156,25423.52032470703,0.12522010325909647,52.39124718144748,1533.111609966978,2022-10-28
2022-10-31,HUBB,269.0,226.1940460205078,60846.1983795166,0.29984660638386595,225.89192104942407,81.2716172215296,2022-11-04
2022-10-31,ORLY,1091.0,55.81133270263672,60890.16397857666,0.30006326635650005,54.38185607783169,1559.5589976622869,2022-11-04
2022-11-04,GILD,360.0,71.2945785522461,25666.048278808594,0.12612174627852493,70.40716552734375,319.46868896484375,2022-11-04
2022-11-04,FANG,185.0,138.81585693359375,25680.933532714844,0.1261948917115913,136.45883178710938,436.0496520996094,2022-11-04
2022-11-11,FANG,433.0,141.37940979003906,61217.284439086914,0.2996826150593078,139.27708431534623,910.3069305419995,2022-11-11
2022-11-11,GILD,844.0,72.60795593261719,61281.114807128906,0.2999950897433827,71.66923016733467,792.2845458984375,2022-11-11
2022-11-18,FANG,452.0,136.2288818359375,61575.45458984375,0.300263154339379,137.26780330193773,-469.5925026321056,2022-11-18
2022-11-18,GILD,829.0,74.20530700683594,61516.19950866699,0.29997420612611314,73.73126621495271,392.9798164711974,2022-11-18
2022-11-25,FANG,467.0,130.21188354492188,60808.949615478516,0.3000723740953425,131.89289469050232,-785.0322049860697,2022-11-25
2022-11-25,GILD,794.0,76.54806518554688,60779.16375732422,0.2999253905801306,75.82418763767187,574.7587730127561,2022-11-25
2022-11-30,FANG,200.0,129.07823181152344,25815.646362304688,0.1284501783874814,131.89289469050232,-562.9325757957777,2022-12-02
2022-11-30,GILD,331.0,77.94129180908203,25798.567588806152,0.12836520001925703,75.82418763767187,700.7614807367645,2022-12-02
2022-12-02,CPRT,2959.0,33.57500076293945,99348.42725753784,0.4956531430281915,33.834999084472656,-769.335033416748,2022-12-02
2022-12-02,DKS,923.0,109.51658630371094,101083.8091583252,0.5043110303971556,107.98200225830078,1416.4210739135742,2022-12-02
2022-12-09,CPRT,3033.0,31.895000457763672,96737.53638839722,0.49944628363355736,32.37792131604434,-1464.6989631652832,2022-12-09
2022-12-09,DKS,881.0,110.04328918457031,96948.13777160645,0.5005335976390498,109.51217439199009,467.9121322631836,2022-12-09
2022-12-16,DKS,219.0,103.17827606201172,22596.042457580566,0.11702755462272245,109.51217439199009,-1387.123734265264,2022-12-16
2022-12-16,CPRT,766.0,30.19499969482422,23129.36976623535,0.11978971931871099,32.37792131604434,-1672.1179618546157,2022-12-16
2022-12-23,CPRT,766.0,30.2549991607666,23175.329357147217,0.12008965518412508,32.37792131604434,-1626.1583709427505,2022-12-23
2022-12-23,DKS,219.0,102.51392364501953,22450.549278259277,0.11633399810514022,109.51217439199009,-1532.616913586553,2022-12-23
2022-12-30,CPRT,766.0,30.44499969482422,23320.86976623535,0.11960268702240376,32.37792131604434,-1480.6179618546157,2022-12-30
2022-12-30,DKS,219.0,110.99368286132812,24307.61654663086,0.12466328585636655,109.51217439199009,324.45035478502905,2022-12-30
2023-01-06,JBL,366.0,67.42176818847656,24676.367156982422,0.1254491548854054,66.62833404541016,290.3968963623047,2023-01-06
2023-01-06,TPR,683.0,37.74998092651367,25783.236972808838,0.13107623451508654,35.70844268798828,1394.3706169128418,2023-01-06
2023-01-13,JBL,1313.0,77.02228546142578,101130.26081085205,0.5001162007990528,73.60611490102914,4485.431945800781,2023-01-13
2023-01-13,TPR,2533.0,39.89266586303711,101048.122631073,0.4997100055209799,38.679344862475965,3073.342094421372,2023-01-13
2023-01-20,TPR,2533.0,40.196136474609375,101816.81369018555,0.4960041954191576,38.679344862475965,3842.033153533921,2023-01-20
2023-01-20,JBL,1313.0,78.76781463623047,103422.1406173706,0.5038246021088228,73.60611490102914,6777.311752319336,2023-01-20
2023-01-27,JBL,1313.0,76.56604766845703,100531.22058868408,0.49440397515714796,73.60611490102914,3886.3917236328125,2023-01-27
2023-01-27,TPR,2533.0,40.57317352294922,102771.84853363037,0.5054231924345549,38.679344862475965,4797.067996978745,2023-01-27
2023-01-31,JBL,1313.0,77.98429107666016,102393.37418365479,0.49091181574479215,73.60611490102914,5748.545318603516,2023-02-03
2023-02-03,TPR,2479.0,42.403194427490234,105117.51898574829,0.48829949623449703,38.679344862475965,9231.423071670375,2023-02-03
2023-02-03,BEN,3940.0,27.957069396972656,110150.85342407227,0.5116807051359986,26.898277282714844,4171.640930175781,2023-02-03
2023-02-10,TPR,2479.0,40.86745071411133,101310.41032028198,0.4973874418216795,38.679344862475965,5424.3144062040665,2023-02-10
2023-02-10,BEN,3940.0,25.982341766357422,102370.42655944824,0.5025916332154517,26.898277282714844,-3608.785934448242,2023-02-10
2023-02-17,TPR,2479.0,40.5639762878418,100558.09721755981,0.49223157858600675,38.679344862475965,4672.0013034818985,2023-02-17
2023-02-17,BEN,3940.0,26.326868057250977,103727.86014556885,0.507747558432181,26.898277282714844,-2251.3523483276367,2023-02-17
2023-02-24,TPR,2479.0,39.17536544799805,97115.73094558716,0.5003546565240196,38.679344862475965,1229.6350315092423,2023-02-24
2023-02-24,BEN,3940.0,24.612638473510742,96973.79558563232,0.49962338448819865,26.898277282714844,-9005.41690826416,2023-02-24
2023-02-28,BEN,3940.0,24.763893127441406,97569.73892211914,0.49587119340182395,26.898277282714844,-8409.473571777344,2023-03-03
2023-02-28,TPR,2479.0,40.01221466064453,99190.2801437378,0.504107145638637,38.679344862475965,3304.184229659877,2023-03-03
2023-03-03,BKNG,970.0,102.8938217163086,99807.00706481934,0.4992777653747483,100.22055053710938,2593.073043823242,2023-03-03
2023-03-03,MGM,2180.0,45.90999984741211,100083.7996673584,0.5006624015454153,44.380001068115234,3335.3973388671875,2023-03-03
2023-03-10,BKNG,970.0,97.4000473022461,94478.04588317871,0.5037958357165816,100.22055053710938,-2735.888137817383,2023-03-10
2023-03-10,MGM,2180.0,42.68000030517578,93042.4006652832,0.49614038438308866,44.380001068115234,-3706.001663208008,2023-03-10
2023-03-17,BKNG,955.0,95.8435287475586,91530.56995391846,0.5003609729092177,98.4880748968474,-2525.541572570801,2023-03-17
2023-03-17,MGM,2215.0,41.25,91368.75,0.4994763680212603,43.118108989638074,-4137.86141204834,2023-03-17
2023-03-24,BKNG,955.0,98.13983154296875,93723.53912353516,0.5071292272007956,98.4880748968474,-332.57240295410156,2023-03-24
2023-03-24,MGM,2215.0,41.11000061035156,91058.65135192871,0.4927097709059334,43.118108989638074,-4447.960060119629,2023-03-24
2023-03-31,BKNG,955.0,104.1507339477539,99463.95092010498,0.5026376561332346,98.4880748968474,5407.839393615723,2023-03-31
2023-03-31,MGM,2215.0,44.41999816894531,98390.29594421387,0.49721197762775105,43.118108989638074,2883.6845321655273,2023-03-31
2023-04-06,ADI,528.0,177.94802856445312,93956.55908203125,0.49476503792910403,186.6091766357422,-4573.086181640625,2023-04-07
2023-04-06,BKNG,945.0,101.45862579345703,95878.4013748169,0.5048852507612244,98.4880748968474,2807.1705972961063,2023-04-07
2023-04-14,BKNG,945.0,104.05060577392578,98327.82245635986,0.5094086691071175,98.4880748968474,5256.591678839075,2023-04-14
2023-04-14,ADI,528.0,179.22201538085938,94629.22412109375,0.4902472760399017,186.6091766357422,-3900.421142578125,2023-04-14
2023-04-21,BKNG,945.0,105.52192687988281,99718.22090148926,0.5158073576320943,98.4880748968474,6646.99012396847,2023-04-21
2023-04-21,ADI,528.0,177.15892028808594,93539.90991210938,0.4838491233470122,186.6091766357422,-4989.7353515625,2023-04-21
2023-04-28,BKNG,945.0,105.48186492919922,99680.36235809326,0.5245124040467686,98.4880748968474,6609.1315805724735,2023-04-28
2023-04-28,ADI,528.0,171.0172119140625,90297.087890625,0.47513814684772415,186.6091766357422,-8232.557373046875,2023-04-28
2023-05-05,BKNG,906.0,100.88731384277344,91403.90634155273,0.48646929624684665,98.4880748968474,2173.7104850089963,2023-05-05
2023-05-05,ORLY,1538.0,62.718666076660156,96461.30842590332,0.5133857698559501,61.973331451416016,1146.3246536254883,2023-05-05
2023-05-12,BKNG,906.0,103.302978515625,93592.49853515625,0.4867838703465804,98.4880748968474,4362.302678612512,2023-05-12
2023-05-12,ORLY,1538.0,64.13999938964844,98647.3190612793,0.5130744933999786,61.973331451416016,3332.335289001465,2023-05-12
2023-05-19,BKNG,906.0,108.58195495605469,98375.25119018555,0.5012750592164904,98.4880748968474,9145.055333641809,2023-05-19
2023-05-19,ORLY,1538.0,63.619998931884766,97847.55835723877,0.49858617910809677,61.973331451416016,2532.5745849609375,2023-05-19
2023-05-26,ORLY,1538.0,61.53333282470703,94638.26588439941,0.5065040847456965,61.973331451416016,-676.717887878418,2023-05-26
2023-05-26,BKNG,906.0,101.74449157714844,92180.50936889648,0.49335016964825396,98.4880748968474,2950.3135123527463,2023-05-26
2023-05-31,BKNG,906.0,98.51050567626953,89250.5181427002,0.4906647722202347,98.4880748968474,20.322286156457267,2023-06-02
2023-05-31,ORLY,1538.0,60.22066879272461,92619.38860321045,0.5091855168785775,61.973331451416016,-2695.595169067383,2023-06-02
2023-06-02,AAPL,512.0,178.4483184814453,91365.5390625,0.4994391777753362,177.60015869140625,434.2578125,2023-06-02
2023-06-02,NOW,835.0,109.63600158691406,91546.06132507324,0.5004259818955203,108.59200286865234,871.7389297485352,2023-06-02
2023-06-09,AAPL,512.0,178.45814514160156,91370.5703125,0.5059887981033784,177.60015869140625,439.2890625,2023-06-09
2023-06-09,NOW,835.0,106.80599975585938,89183.00979614258,0.49387460080041296,108.59200286865234,-1491.312599182129,2023-06-09
2023-06-16,AAPL,512.0,182.36343383789062,93370.078125,0.4970991051263112,177.60015869140625,2438.796875,2023-06-16
2023-06-16,NOW,835.0,113.09600067138672,94435.16056060791,0.5027695676155644,108.59200286865234,3760.838165283203,2023-06-16
2023-06-23,AAPL,512.0,184.0990447998047,94258.7109375,0.509609272459914,177.60015869140625,3327.4296875,2023-06-23
2023-06-23,NOW,835.0,108.5979995727539,90679.32964324951,0.4902573645133995,108.59200286865234,5.0072479248046875,2023-06-23
2023-06-30,AAPL,512.0,191.28831481933594,97939.6171875,0.5105987513332744,177.60015869140625,7008.3359375,2023-06-30
2023-06-30,NOW,835.0,112.39399719238281,93848.98765563965,0.4892726486680345,108.59200286865234,3174.6652603149414,2023-06-30
2023-07-07,ALSN,1726.0,54.76694869995117,94527.75345611572,0.5076148593971381,55.230838775634766,-800.6742706298828,2023-07-07
2023-07-07,OC,762.0,120.20144653320312,91593.50225830078,0.49185790490751097,124.43729400634766,-3227.715774536133,2023-07-07
2023-07-14,ALSN,1726.0,55.92665481567383,96529.40621185303,0.5017730160694394,55.230838775634766,1200.9784851074219,2023-07-14
2023-07-14,OC,762.0,125.65492248535156,95749.05093383789,0.49771662292644203,124.43729400634766,927.8329010009766,2023-07-14
2023-07-21,ALSN,1726.0,56.29389190673828,97163.25743103027,0.5073255806099585,55.230838775634766,1834.829704284668,2023-07-21
2023-07-21,OC,762.0,123.69957733154297,94259.07792663574,0.4921617770054083,124.43729400634766,-562.1401062011719,2023-07-21
2023-07-28,ALSN,1726.0,56.864078521728516,98147.39952850342,0.49182707647222307,55.230838775634766,2818.9718017578125,2023-07-28
2023-07-28,OC,762.0,132.95425415039062,101311.14166259766,0.5076809253973968,124.43729400634766,6489.923629760742,2023-07-28
2023-07-31,ALSN,1726.0,56.719120025634766,97897.2011642456,0.49133180231964835,55.230838775634766,2568.7734375,2023-08-04
2023-07-31,OC,762.0,132.87831115722656,101253.27310180664,0.50817543885048,124.43729400634766,6432.055068969727,2023-08-04
2023-08-04,CARR,1746.0,54.99626159667969,96023.47274780273,0.5031969076363857,57.61695861816406,-4575.736999511719,2023-08-04
2023-08-04,ON,926.0,102.30999755859375,94739.05773925781,0.49646611940381413,108.08999633789062,-5352.278869628906,2023-08-04
2023-08-11,ON,926.0,94.56999969482422,87571.81971740723,0.48363806190816416,108.08999633789062,-12519.516891479492,2023-08-11
2023-08-11,CARR,1746.0,53.512481689453125,93432.79302978516,0.5160068054473655,57.61695861816406,-7166.416717529297,2023-08-11
2023-08-18,CARR,1013.0,51.44096755981445,52109.70013809204,0.29778944488573106,57.61695861816406,-6256.278942108154,2023-08-18
2023-08-18,ON,577.0,90.7300033569336,52351.21193695068,0.29916960374914575,108.08999633789062,-10016.715950012207,2023-08-18
2023-08-25,CARR,1013.0,53.0114631652832,53700.612186431885,0.30254420751141603,57.61695861816406,-4665.366893768311,2023-08-25
2023-08-25,ON,577.0,92.31999969482422,53268.639823913574,0.30011051577562686,108.08999633789062,-9099.288063049316,2023-08-25
2023-08-31,ON,931.0,98.45999908447266,91666.25914764404,0.5002649782683387,104.42832176462537,-5556.508415222168,2023-09-01
2023-08-31,CARR,1654.0,55.352752685546875,91553.45294189453,0.49964934286887375,56.73947614971931,-2293.640609741211,2023-09-01
2023-09-01,EXE,1105.0,83.44977569580078,92212.00214385986,0.5012352167130927,83.44977569580078,0.0,2023-09-01
2023-09-01,FANG,658.0,139.3264923095703,91676.83193969727,0.49832620110747405,139.3264923095703,0.0,2023-09-01
2023-09-08,EXE,1105.0,81.81332397460938,90403.72299194336,0.4940814787131789,83.44977569580078,-1808.279151916504,2023-09-08
2023-09-08,FANG,658.0,140.56063842773438,92488.90008544922,0.5054775512159677,139.3264923095703,812.0681457519531,2023-09-08
2023-09-15,EXE,1105.0,79.002685546875,87297.96752929688,0.48579399947369,83.44977569580078,-4914.034614562988,2023-09-15
2023-09-15,FANG,658.0,140.30845642089844,92322.96432495117,0.5137570020474229,139.3264923095703,646.1323852539062,2023-09-15
2023-09-22,EXE,286.0,75.87772369384766,21701.02897644043,0.1255455915298183,83.44977569580078,-2165.6068725585938,2023-09-22
2023-09-22,FANG,160.0,135.64199829101562,21702.7197265625,0.12555537291965171,139.3264923095703,-589.51904296875,2023-09-22
2023-09-29,EXE,286.0,79.72384643554688,22801.020080566406,0.13060874305861553,83.44977569580078,-1065.6157684326172,2023-09-29
2023-09-29,FANG,160.0,139.52467346191406,22323.94775390625,0.12787597861592995,139.3264923095703,31.708984375,2023-09-29
2023-10-06,FANG,160.0,136.23654174804688,21797.8466796875,0.12526334054169674,139.3264923095703,-494.39208984375,2023-10-06
2023-10-06,DTM,458.0,48.834136962890625,22366.034729003906,0.12852848568007258,47.1716194152832,761.4330368041992,2023-10-06
2023-10-13,FANG,605.0,150.05567932128906,90783.68598937988,0.5048861205391985,143.3467276833274,4058.9157409668114,2023-10-13
2023-10-13,DTM,1761.0,50.53319549560547,88988.95726776123,0.4949048820401985,49.212408188186814,2325.906448364258,2023-10-13
2023-10-20,DTM,446.0,50.313968658447266,22440.03002166748,0.12490385244605952,49.969392553499766,153.68094280658624,2023-10-20
2023-10-20,FANG,149.0,149.97462463378906,22346.21907043457,0.12438168963258263,148.9520311869899,152.36642357307574,2023-10-20
2023-10-27,FANG,149.0,144.18209838867188,21483.13265991211,0.12073259883942239,148.9520311869899,-710.7199869493852,2023-10-27
2023-10-27,DTM,446.0,48.39567565917969,21584.47134399414,0.12130210994778236,49.969392553499766,-701.8777348667536,2023-10-27
2023-10-31,DTM,446.0,49.300010681152344,21987.804763793945,0.12326428546474318,49.969392553499766,-298.5443150669489,2023-11-03
2023-10-31,FANG,149.0,144.42535400390625,21519.37774658203,0.12063826971695532,148.9520311869899,-674.4749002794633,2023-11-03
2023-11-03,AIZ,139.0,157.18743896484375,21849.05401611328,0.12197457597072656,160.0523681640625,-398.22515869140625,2023-11-03
2023-11-03,CHRD,156.0,149.16172790527344,23269.229553222656,0.12990285098048965,143.18661499023438,932.1176147460938,2023-11-03
2023-11-10,AIZ,574.0,156.76441955566406,89982.77682495117,0.5074741462527247,155.56081786471375,690.8673706054833,2023-11-10
2023-11-10,CHRD,621.0,140.45880126953125,87224.9155883789,0.49192068895905156,143.09324967880372,-1635.9924621582031,2023-11-10
2023-11-17,CHRD,621.0,143.00064086914062,88803.39797973633,0.49914445646623984,143.09324967880372,-57.51007080078125,2023-11-17
2023-11-17,AIZ,574.0,155.05316162109375,89000.51477050781,0.500252406788281,155.56081786471375,-291.3946838378761,2023-11-17
2023-11-24,AIZ,574.0,160.1017608642578,91898.41073608398,0.5096167136143513,155.56081786471375,2606.501281738296,2023-11-24
2023-11-24,CHRD,621.0,142.2266845703125,88322.77111816406,0.48978823457365633,143.09324967880372,-538.1369323730469,2023-11-24
2023-11-30,CHRD,621.0,142.60484313964844,88557.60758972168,0.48713208949943887,143.09324967880372,-303.3004608154297,2023-12-01
2023-12-01,AIZ,559.0,162.515869140625,90846.37084960938,0.5008292807277567,155.56081786471375,3887.873663234379,2023-12-01
2023-12-01,CTAS,662.0,136.635498046875,90452.69970703125,0.49865900101997324,136.635498046875,0.0,2023-12-01
2023-12-08,CTAS,662.0,135.4312744140625,89655.50366210938,0.4973676626927586,136.635498046875,-797.196044921875,2023-12-08
2023-12-08,AIZ,559.0,161.9171600341797,90511.69245910645,0.5021174059142238,155.56081786471375,3553.195272731449,2023-12-08
2023-12-15,AIZ,559.0,157.6780242919922,88142.01557922363,0.4930689342721825,155.56081786471375,1183.5183928486367,2023-12-15
2023-12-15,CTAS,662.0,136.74806213378906,90527.21713256836,0.5064118193900633,136.635498046875,74.51742553710938,2023-12-15
2023-12-22,AIZ,559.0,160.23696899414062,89572.46566772461,0.48128408531173666,155.56081786471375,2613.9684813496133,2023-12-22
2023-12-22,CTAS,662.0,145.68902587890625,96446.13513183594,0.5182171729085657,136.635498046875,5993.4354248046875,2023-12-22
2023-12-29,AIZ,559.0,162.69931030273438,90948.91445922852,0.4820014919467493,155.56081786471375,3990.4172728535195,2023-12-29
2023-12-29,CTAS,662.0,147.50509643554688,97648.37384033203,0.5175065822068,136.635498046875,7195.674133300781,2023-12-29
2024-01-05,CTAS,647.0,141.2882843017578,91413.5199432373,0.5068013985056584,136.635498046875,3010.3527069091797,2024-01-05
2024-01-05,DKS,673.0,132.1544952392578,88939.97529602051,0.49308793591003724,138.8797607421875,-4526.10368347168,2024-01-05
2024-01-12,CTAS,647.0,145.14076232910156,93906.07322692871,0.5101129934720848,136.635498046875,5502.905990600586,2024-01-12
2024-01-12,DKS,673.0,133.97137451171875,90162.73504638672,0.4897785744165658,138.8797607421875,-3303.3439331054688,2024-01-12
2024-01-19,DKS,673.0,139.3458251953125,93779.74035644531,0.4970731428847337,138.8797607421875,313.661376953125,2024-01-19
2024-01-19,CTAS,647.0,146.62158203125,94864.16357421875,0.5028210544808525,136.635498046875,6460.996337890625,2024-01-19
2024-01-26,CTAS,647.0,146.3180389404297,94667.77119445801,0.4913868759226186,136.635498046875,6264.603958129883,2024-01-26
2024-01-26,DKS,673.0,145.56689453125,97966.52001953125,0.5085095128998482,138.8797607421875,4500.4410400390625,2024-01-26
2024-01-31,CTAS,647.0,147.9726104736328,95738.27897644043,0.5007503165465501,136.635498046875,7335.111740112305,2024-02-02
2024-02-02,DKS,673.0,148.35403442382812,99842.26516723633,0.5039645983880686,138.8797607421875,6376.186187744141,2024-02-02
2024-02-02,FICO,78.0,1255.300048828125,97913.40380859375,0.4942284627111954,1243.1700439453125,946.140380859375,2024-02-02
2024-02-09,DKS,673.0,154.2611541748047,103817.75675964355,0.5004883336044179,138.8797607421875,10351.677780151367,2024-02-09
2024-02-09,FICO,78.0,1323.81005859375,103257.1845703125,0.49778590725983,1243.1700439453125,6289.921142578125,2024-02-09
2024-02-16,FICO,78.0,1282.06005859375,100000.6845703125,0.47928658858805023,1243.1700439453125,3033.421142578125,2024-02-16
2024-02-16,DKS,673.0,160.90074157714844,108286.1990814209,0.5189976765849904,138.8797607421875,14820.120101928711,2024-02-16
2024-02-23,DKS,673.0,164.2490692138672,110539.62358093262,0.5240848178722751,138.8797607421875,17073.54460144043,2024-02-23
2024-02-23,FICO,78.0,1282.3299560546875,100021.73657226562,0.4742179491534527,1243.1700439453125,3054.47314453125,2024-02-23
2024-02-29,DKS,673.0,169.21450805664062,113881.36392211914,0.533921525167292,138.8797607421875,20415.284942626953,2024-03-01
2024-02-29,FICO,78.0,1269.9100341796875,99052.98266601562,0.46440012444508727,1243.1700439453125,2085.71923828125,2024-03-01
2024-03-01,AWI,913.0,118.74080657958984,108410.35640716553,0.5011432153736204,118.74080657958984,0.0,2024-03-01
2024-03-01,MLI,2156.0,50.0516357421875,107911.32666015625,0.4988363751392423,50.0516357421875,0.0,2024-03-01
2024-03-08,MLI,2156.0,50.36300277709961,108582.63398742676,0.4979799563535114,50.0516357421875,671.3073272705078,2024-03-08
2024-03-08,AWI,913.0,119.88953399658203,109459.1445388794,0.5019997951631531,118.74080657958984,1048.7881317138672,2024-03-08
2024-03-15,AWI,913.0,120.15463256835938,109701.17953491211,0.49851447663389625,118.74080657958984,1290.823127746582,2024-03-15
2024-03-15,MLI,2156.0,51.183006286621094,110350.56155395508,0.5014654598296207,50.0516357421875,2439.234893798828,2024-03-15
2024-03-22,AWI,913.0,122.30480194091797,111664.2841720581,0.4955223092082128,118.74080657958984,3253.927764892578,2024-03-22
2024-03-22,MLI,2156.0,52.726314544677734,113677.9341583252,0.5044580982882259,50.0516357421875,5766.607498168945,2024-03-22
2024-03-28,MLI,2156.0,52.677467346191406,113572.61959838867,0.5049297034996508,50.0516357421875,5661.292938232422,2024-03-29
2024-03-28,AWI,913.0,121.96117401123047,111350.55187225342,0.4950506674953643,118.74080657958984,2940.1954650878906,2024-03-29
2024-04-05,STLD,767.0,143.0780029296875,109740.82824707031,0.49136437506228453,145.01138305664062,-1482.9025573730469,2024-04-05
2024-04-05,FANG,594.0,191.225341796875,113587.85302734375,0.5085894220862817,186.6674346923828,2707.3968200683594,2024-04-05
2024-04-12,STLD,767.0,136.6269989013672,104792.90815734863,0.4773858462004672,145.01138305664062,-6430.822647094727,2024-04-12
2024-04-12,FANG,594.0,193.1158905029297,114710.83895874023,0.5225671458841327,186.6674346923828,3830.3827514648438,2024-04-12
2024-04-19,STLD,482.0,133.003173828125,64107.52978515625,0.30039854095775065,145.01138305664062,-5787.956848144531,2024-04-19
2024-04-19,FANG,342.0,187.8748016357422,64253.18215942383,0.3010810467548644,186.6674346923828,412.91949462890625,2024-04-19
2024-04-26,FANG,142.0,194.44488525390625,27611.173706054688,0.1289953532891701,186.6674346923828,1104.3979797363281,2024-04-26
2024-04-26,STLD,201.0,130.22457885742188,26175.140350341797,0.12228641610209948,145.01138305664062,-2972.1476440429688,2024-04-26
2024-04-30,STLD,201.0,126.41616821289062,25409.649810791016,0.11963044225565814,145.01138305664062,-3737.63818359375,2024-05-03
2024-05-03,FANG,144.0,188.58607482910156,27156.394775390625,0.12786738496132413,186.62271944681802,282.7231750488281,2024-05-03
2024-05-03,CMG,421.0,63.107601165771484,26568.300090789795,0.12509830865161795,62.77320098876953,140.78247451782227,2024-05-03
2024-05-10,FANG,556.0,189.23184204101562,105212.90417480469,0.4935225311311145,189.75257055707974,-289.5250549316406,2024-05-10
2024-05-10,CMG,1664.0,64.78459930419922,107801.5732421875,0.5056652100203217,63.632846586979355,1916.5165214538574,2024-05-10
2024-05-17,FANG,556.0,186.8347930908203,103880.1449584961,0.49233168927711546,189.75257055707974,-1622.2842712402344,2024-05-17
2024-05-17,CMG,1664.0,64.26860046386719,106942.951171875,0.5068476158534958,63.632846586979355,1057.8944511413574,2024-05-17
2024-05-24,FANG,556.0,182.85557556152344,101667.70001220703,0.4917966477750731,189.75257055707974,-3834.729217529297,2024-05-24
2024-05-24,CMG,1664.0,63.03260040283203,104886.2470703125,0.5073657090766717,63.632846586979355,-998.8096504211426,2024-05-24
2024-05-31,FANG,556.0,188.33763122558594,104715.72296142578,0.5009379399733636,189.75257055707974,-786.7062683105469,2024-05-31
2024-05-31,CMG,1664.0,62.59040069580078,104150.4267578125,0.4982336821245483,63.632846586979355,-1734.6299629211426,2024-05-31
2024-06-07,FSLR,370.0,267.3399963378906,98915.79864501953,0.4987329895294298,272.7200012207031,-1990.601806640625,2024-06-07
2024-06-07,PEG,1440.0,69.03973388671875,99417.216796875,0.5012611374825858,70.0431137084961,-1444.866943359375,2024-06-07
2024-06-14,PEG,1440.0,68.81238555908203,99089.83520507812,0.494641192993398,70.0431137084961,-1772.24853515625,2024-06-14
2024-06-14,FSLR,370.0,273.6099853515625,101235.69458007812,0.5053529924332629,272.7200012207031,329.29412841796875,2024-06-14
2024-06-21,FSLR,370.0,258.8699951171875,95781.89819335938,0.49023989049317257,272.7200012207031,-5124.502258300781,2024-06-21
2024-06-21,PEG,1440.0,69.16287994384766,99594.54711914062,0.509754147645298,70.0431137084961,-1267.53662109375,2024-06-21
2024-06-28,FSLR,370.0,225.4600067138672,83420.20248413086,0.45347625394002405,272.7200012207031,-17486.197967529297,2024-06-28
2024-06-28,PEG,1440.0,69.81652069091797,100535.78979492188,0.5465174140733551,70.0431137084961,-326.2939453125,2024-06-28
2024-07-05,UTHR,284.0,314.55999755859375,89335.03930664062,0.49668546289102905,319.010009765625,-1263.803466796875,2024-07-05
2024-07-05,HALO,1753.0,51.560001373291016,90384.68240737915,0.5025212746106746,52.02000045776367,-806.3783950805664,2024-07-05
2024-07-12,HALO,1753.0,53.18000030517578,93224.54053497314,0.5049012930071368,52.02000045776367,2033.4797325134277,2024-07-12
2024-07-12,UTHR,284.0,321.3800048828125,91271.92138671875,0.4943259667352493,319.010009765625,673.07861328125,2024-07-12
2024-07-19,HALO,1753.0,54.040000915527344,94732.12160491943,0.5029412417233818,52.02000045776367,3541.060802459717,2024-07-19
2024-07-19,UTHR,284.0,329.1600036621094,93481.44104003906,0.49630126759798904,319.010009765625,2882.5982666015625,2024-07-19
2024-07-26,HALO,1040.0,56.22999954223633,58479.19952392578,0.3005495127574502,52.02000045776367,4378.3990478515625,2024-07-26
2024-07-26,UTHR,173.0,338.2200012207031,58512.06021118164,0.3007183978246882,319.010009765625,3323.3285217285156,2024-07-26
2024-08-02,UTHR,175.0,327.67999267578125,57343.99871826172,0.3009866258392628,319.110352608817,1499.68701171875,2024-08-02
2024-08-02,HALO,1043.0,54.09000015258789,56415.87015914917,0.29611507363508455,52.028715698739596,2149.9196853637695,2024-08-02
2024-08-09,HALO,451.0,55.20000076293945,24895.200344085693,0.1315856894078165,52.028715698739596,1430.249563954134,2024-08-09
2024-08-09,UTHR,73.0,330.260009765625,24108.980712890625,0.12743005897436468,319.110352608817,813.9249724469846,2024-08-09
2024-08-16,UTHR,177.0,320.989990234375,56815.228271484375,0.2986171262444995,320.2147724566025,137.2135466657346,2024-08-16
2024-08-16,HALO,961.0,59.41999816894531,57102.618240356445,0.300127629136541,55.951248539327445,3333.468394062773,2024-08-16
2024-08-23,HALO,1595.0,62.720001220703125,100038.40194702148,0.5037401240098329,58.252232545731424,7126.091036579863,2024-08-23
2024-08-23,UTHR,283.0,348.0299987792969,98492.48965454102,0.4959557328683707,330.83919894515475,4864.996353062219,2024-08-23
2024-08-30,HALO,1595.0,63.849998474121094,101840.74756622314,0.49730377012117943,58.252232545731424,8928.436655781523,2024-08-30
2024-08-30,UTHR,283.0,363.54998779296875,102884.64654541016,0.502401286688777,330.83919894515475,9257.15324393136,2024-08-30
2024-09-06,HALO,403.0,59.209999084472656,23861.62963104248,0.12232523468234356,58.27439385506538,377.04890745113516,2024-09-06
2024-09-06,UTHR,71.0,345.6300048828125,24539.730346679688,0.12580147794238794,330.83919894515475,1050.1472215737012,2024-09-06
2024-09-13,UTHR,71.0,339.1199951171875,24077.519653320312,0.12293846929728272,330.83919894515475,587.9365282143262,2024-09-13
2024-09-13,HALO,403.0,62.29999923706055,25106.8996925354,0.12819442623007368,58.27439385506538,1622.318968944055,2024-09-13
2024-09-20,HALO,990.0,59.2400016784668,58647.60166168213,0.30009257987079024,58.846931019041776,389.13995283077384,2024-09-20
2024-09-20,UTHR,166.0,353.0,58598.0,0.29983877425558475,343.5215850909999,1573.4168748940137,2024-09-20
2024-09-27,HALO,1666.0,56.970001220703125,94912.0220336914,0.4913383018470374,58.718331862938804,-2912.7188499646436,2024-09-27
2024-09-27,UTHR,274.0,358.5299987792969,98237.21966552734,0.508552105986118,348.2784771153218,2808.91693592917,2024-09-27
2024-09-30,HALO,1666.0,57.2400016784668,95361.84279632568,0.49264551482755864,58.718331862938804,-2462.8980873303663,2024-10-04
2024-09-30,UTHR,274.0,358.3500061035156,98187.90167236328,0.5072451197543646,348.2784771153218,2759.5989427651075,2024-10-04
2024-10-04,AEE,1145.0,84.04303741455078,96229.27783966064,0.49833940756431927,83.81316375732422,263.20533752441406,2024-10-04
2024-10-04,PEG,1102.0,87.83995056152344,96799.62551879883,0.5012930483990867,86.59915161132812,1367.3604431152344,2024-10-04
2024-10-11,AEE,1145.0,82.80741119384766,94814.48581695557,0.5067892136916424,83.81316375732422,-1151.586685180664,2024-10-11
2024-10-11,PEG,1102.0,83.66891479492188,92203.1441040039,0.49283143285273295,86.59915161132812,-3229.1209716796875,2024-10-11
2024-10-18,AEE,1145.0,85.0967025756836,97435.72444915771,0.5076927498712686,83.81316375732422,1469.6519470214844,2024-10-18
2024-10-18,PEG,1102.0,85.67330932617188,94411.9868774414,0.4919374439878011,86.59915161132812,-1020.2781982421875,2024-10-18
2024-10-25,AEE,1145.0,84.10053253173828,96295.10974884033,0.505111408083149,83.81316375732422,329.03724670410156,2024-10-25
2024-10-25,PEG,1102.0,85.54922485351562,94275.24578857422,0.4945163079605417,86.59915161132812,-1157.019287109375,2024-10-25
2024-10-31,AEE,1145.0,83.43959045410156,95538.33106994629,0.5037529425926923,83.81316375732422,-427.7414321899414,2024-11-01
2024-10-31,PEG,1102.0,85.33924102783203,94043.8436126709,0.49587283367892904,86.59915161132812,-1388.4214630126953,2024-11-01
2024-11-01,PANW,509.0,181.32000732421875,92291.88372802734,0.49842365273126515,181.32000732421875,0.0,2024-11-01
2024-11-01,KIM,4171.0,22.24725341796875,92793.29400634766,0.5011315261903645,22.24725341796875,0.0,2024-11-01
2024-11-08,KIM,4171.0,23.274194717407227,97076.66616630554,0.4933501186556028,22.24725341796875,4283.372159957886,2024-11-08
2024-11-08,PANW,509.0,195.6999969482422,99611.29844665527,0.5062312896479879,181.32000732421875,7319.41471862793,2024-11-08
2024-11-15,KIM,4171.0,23.236848831176758,96920.89647483826,0.4957723421146903,22.24725341796875,4127.602468490601,2024-11-15
2024-11-15,PANW,509.0,193.5,98491.5,0.5038063349534294,181.32000732421875,6199.616271972656,2024-11-15
2024-11-22,KIM,4171.0,23.684967041015625,98789.99752807617,0.5029080876727597,22.24725341796875,5996.703521728516,2024-11-22
2024-11-22,PANW,509.0,191.67999267578125,97565.11627197266,0.49667261135383217,181.32000732421875,5273.2325439453125,2024-11-22
2024-11-29,PANW,509.0,193.91000366210938,98700.19186401367,0.49760282734151534,181.32000732421875,6408.308135986328,2024-11-29
2024-11-29,KIM,4171.0,23.87168312072754,99568.79029655457,0.5019819174698532,22.24725341796875,6775.496290206909,2024-11-29
2024-12-06,AEE,1107.0,87.92240905761719,97330.10682678223,0.49013292586381885,88.96647644042969,-1155.7825927734375,2024-12-06
2024-12-06,APO,579.0,174.66847229003906,101133.04545593262,0.5092836850477502,169.2570343017578,3133.2225952148438,2024-12-06
2024-12-13,AEE,1107.0,86.691162109375,95967.11645507812,0.48860971061748043,88.96647644042969,-2518.772964477539,2024-12-13
2024-12-13,APO,579.0,173.27386474609375,100325.56768798828,0.5108004533876822,169.2570343017578,2325.744827270508,2024-12-13
2024-12-20,AEE,1107.0,86.16044616699219,95379.61390686035,0.4948349268276551,88.96647644042969,-3106.2755126953125,2024-12-20
2024-12-20,APO,579.0,167.97047424316406,97254.90458679199,0.5045640428134959,169.2570343017578,-744.9182739257812,2024-12-20
2024-12-27,AEE,1107.0,86.96135711669922,96266.22232818604,0.4982453155133318,88.96647644042969,-2219.667091369629,2024-12-27
2024-12-27,APO,579.0,167.23388671875,96828.42041015625,0.5011550854612715,169.2570343017578,-1171.4024505615234,2024-12-27
2024-12-31,APO,579.0,162.2054901123047,93916.97877502441,0.4962530123483659,169.2570343017578,-4082.8440856933594,2025-01-03
2024-12-31,AEE,1107.0,86.01570129394531,95219.38133239746,0.5031348477823488,88.96647644042969,-3266.508087158203,2025-01-03
2025-01-03,BR,425.0,224.4256591796875,95380.90515136719,0.49890976883209626,222.0759735107422,998.6164093017578,2025-01-03
2025-01-03,TPR,1461.0,65.53363800048828,95744.64511871338,0.5008123867904359,64.41474914550781,1634.6966171264648,2025-01-03
2025-01-10,TPR,1461.0,65.90660858154297,96289.55513763428,0.5108455565501524,64.41474914550781,2179.6066360473633,2025-01-10
2025-01-10,BR,425.0,216.81851196289062,92147.86758422852,0.48887263663944996,222.0759735107422,-2234.421157836914,2025-01-10
2025-01-17,BR,259.0,225.57113647460938,58422.92434692383,0.29900985850960426,222.0759735107422,905.2472076416016,2025-01-17
2025-01-17,TPR,866.0,70.0680923461914,60678.96797180176,0.3105563412063706,64.41474914550781,4895.795211791992,2025-01-17
2025-01-24,TPR,1364.0,73.26773071289062,99937.18469238281,0.500358431234403,67.64699608139978,7666.682037353516,2025-01-24
2025-01-24,BR,429.0,232.37548828125,99689.08447265625,0.4991162605937811,226.15736631024413,2667.5743255615234,2025-01-24
2025-01-31,BR,429.0,233.2272491455078,100054.48988342285,0.5058179010340326,226.15736631024413,3032.979736328125,2025-01-31
2025-01-31,TPR,1364.0,71.58938598632812,97647.92248535156,0.49365168169287504,67.64699608139978,5377.419830322266,2025-01-31
2025-02-07,TPR,1375.0,78.89163208007812,108475.99411010742,0.5202123082030857,67.68316789106889,15411.638259887695,2025-02-07
2025-02-07,GRMN,468.0,213.378662109375,99861.2138671875,0.4788988844212046,211.2416534423828,1000.1200561523438,2025-02-07
2025-02-14,TPR,1375.0,86.07608032226562,118354.61044311523,0.5477241253426705,67.68316789106889,25290.254592895508,2025-02-14
2025-02-14,GRMN,468.0,208.42820739746094,97544.40106201172,0.45141817081510177,211.2416534423828,-1316.6927490234375,2025-02-14
2025-02-21,GRMN,468.0,220.27989196777344,103090.98944091797,0.4741257230070767,211.2416534423828,4229.8956298828125,2025-02-21
2025-02-21,TPR,1375.0,83.02366638183594,114157.54127502441,0.5250218965523705,67.68316789106889,21093.185424804688,2025-02-21
2025-02-28,TPR,329.0,83.83830261230469,27582.801559448242,0.12533238571879693,67.68316789106889,5315.039323286575,2025-02-28
2025-02-28,GRMN,123.0,224.4166717529297,27603.25062561035,0.12542530341036262,211.2416534423828,1620.5272521972656,2025-02-28
2025-03-07,ORLY,298.0,87.93399810791016,26204.331436157227,0.12134765538257868,91.732666015625,-1132.0030364990234,2025-03-07
2025-03-07,WH,264.0,96.09862518310547,25370.037048339844,0.11748418463892937,103.56806945800781,-1971.9332885742188,2025-03-07
2025-03-14,WH,264.0,87.77104949951172,23171.557067871094,0.10832250554401958,103.56806945800781,-4170.413269042969,2025-03-14
2025-03-14,ORLY,298.0,88.49400329589844,26371.212982177734,0.12328027227938554,91.732666015625,-965.1214904785156,2025-03-14
2025-03-21,ORLY,298.0,89.27266693115234,26603.2547454834,0.12407443229751618,91.732666015625,-733.0797271728516,2025-03-21
2025-03-21,WH,264.0,88.7898178100586,23440.51190185547,0.10932377390701264,103.56806945800781,-3901.4584350585938,2025-03-21
2025-03-28,ORLY,293.0,93.90333557128906,27513.677322387695,0.1279460207586005,91.713039620041,641.7567137156802,2025-03-28
2025-03-28,WH,299.0,87.82981872558594,26261.115798950195,0.12212127182368603,95.32212528260816,-2240.1996605496424,2025-03-28
2025-03-31,WH,299.0,88.66246795654297,26510.077919006348,0.12286856927977048,95.32212528260816,-1991.23754049349,2025-04-04
2025-04-04,ORLY,283.0,92.65799713134766,26222.213188171387,0.12363347840982929,91.713039620041,267.42297569978473,2025-04-04
2025-04-04,AM,1570.0,15.35533618927002,24107.87781715393,0.11366473036526142,17.179546356201172,-2864.009962081909,2025-04-04
2025-04-11,AM,1570.0,15.15787124633789,23797.85785675049,0.11236808389166013,17.179546356201172,-3174.0299224853516,2025-04-11
2025-04-11,ORLY,283.0,92.65266418457031,26220.7039642334,0.12380821334789163,91.713039620041,265.91375176179645,2025-04-11
2025-04-17,ORLY,283.0,92.72666931152344,26241.647415161133,0.12298619926179989,91.713039620041,286.8572026895308,2025-04-18
2025-04-17,AM,1570.0,16.154605865478516,25362.73120880127,0.11886700041808142,17.179546356201172,-1609.1565704345703,2025-04-18
2025-04-25,ORLY,295.0,89.80000305175781,26491.000900268555,0.12514013302312205,90.77246066479586,-286.8749958462249,2025-04-25
2025-04-25,AM,1647.0,16.088886260986328,26498.395671844482,0.1251750649874586,16.580621730005117,-809.8883174739458,2025-04-25
2025-04-30,ORLY,676.0,94.34666442871094,63778.345153808594,0.30015530239882504,92.9739646444356,927.9450541701299,2025-05-02
2025-04-30,AM,4044.0,15.774352073669434,63791.47978591919,0.30021711694518155,16.021179227659427,-998.1690107355316,2025-05-02
2025-05-02,RSG,257.0,247.7999725341797,63684.59294128418,0.2995186271411342,247.34285097827242,117.48023986816406,2025-05-02
2025-05-02,RGLD,364.0,174.9785614013672,63692.196350097656,0.2995543871650933,175.61992729103173,-233.45718383789062,2025-05-02
2025-05-09,RGLD,147.0,182.81002807617188,26873.074127197266,0.12545409398481286,178.1311388664183,687.7967138337772,2025-05-09
2025-05-09,RSG,110.0,245.88104248046875,27046.914672851562,0.12626565011901833,246.9487960495534,-117.45289259931087,2025-05-09
2025-05-16,RGLD,622.0,169.65516662597656,105525.51364135742,0.4931255278225122,171.45393201238477,-1118.832070345903,2025-05-16
2025-05-16,RSG,442.0,245.099609375,108334.02734375,0.5062498401721874,240.85677412799086,1875.3331791780365,2025-05-16
2025-05-23,RGLD,622.0,179.02316284179688,111352.40728759766,0.501504488687329,171.45393201238477,4708.061575894331,2025-05-23
2025-05-23,RSG,442.0,250.11456298828125,110550.63684082031,0.49789350722989917,240.85677412799086,4091.942676248349,2025-05-23
2025-05-30,RGLD,622.0,176.57460021972656,109829.40133666992,0.49372511878612063,171.45393201238477,3185.055624966597,2025-05-30
2025-05-30,RSG,442.0,254.4964599609375,112487.43530273438,0.5056739969522676,240.85677412799086,6028.7411381624115,2025-05-30
2025-06-06,CEG,364.0,297.2373962402344,108194.41223144531,0.49886048403208716,311.7908935546875,-5297.4730224609375,2025-06-06
2025-06-06,MELI,43.0,2482.389892578125,106742.76538085938,0.49216726175201375,2593.43994140625,-4775.152099609375,2025-06-06
2025-06-13,CEG,364.0,295.3373718261719,107502.80334472656,0.5084224095877848,311.7908935546875,-5989.0819091796875,2025-06-13
2025-06-13,MELI,43.0,2371.97998046875,101995.13916015625,0.4823745316832414,2593.43994140625,-9522.7783203125,2025-06-13
2025-06-20,MELI,43.0,2403.81005859375,103363.83251953125,0.4791569212731375,2593.43994140625,-8154.0849609375,2025-06-20
2025-06-20,CEG,364.0,303.3254089355469,110410.44885253906,0.5118224572272057,311.7908935546875,-3081.4364013671875,2025-06-20
2025-06-27,CEG,364.0,318.4956359863281,115932.41149902344,0.5085636088763207,311.7908935546875,2440.5262451171875,2025-06-27
2025-06-27,MELI,43.0,2560.050048828125,110082.15209960938,0.48290012965977996,2593.43994140625,-1435.765380859375,2025-06-27
2025-06-30,MELI,43.0,2613.6298828125,112386.0849609375,0.4860942223492198,2593.43994140625,868.16748046875,2025-07-04
2025-07-03,BKNG,482.0,227.32447814941406,109570.39846801758,0.49442410351348015,227.87840270996094,-266.99163818359375,2025-07-04
2025-07-03,CEG,361.0,310.2490234375,111999.8974609375,0.5053869445577422,311.7908935546875,-556.6151123046875,2025-07-04
2025-07-11,CEG,361.0,319.85845947265625,115468.9038696289,0.5129969173741423,311.7908935546875,2912.3912963867188,2025-07-11
2025-07-11,BKNG,482.0,227.33642578125,109576.1572265625,0.4868170476303974,227.87840270996094,-261.2328796386719,2025-07-11
2025-07-18,CEG,361.0,319.7391357421875,115425.82800292969,0.5135247427086788,311.7908935546875,2869.3154296875,2025-07-18
2025-07-18,BKNG,482.0,226.7717742919922,109303.99520874023,0.48628896138543887,227.87840270996094,-533.3948974609375,2025-07-18
2025-07-25,CEG,361.0,325.6380920410156,117555.35122680664,0.5211999905690514,311.7908935546875,4998.838653564453,2025-07-25
2025-07-25,BKNG,482.0,223.9632110595703,107950.26773071289,0.47861435431060234,227.87840270996094,-1887.1223754882812,2025-07-25
2025-07-31,CEG,361.0,346.0209655761719,124913.56857299805,0.5420457421524744,311.7908935546875,12357.05599975586,2025-08-01
2025-07-31,BKNG,482.0,218.8650360107422,105492.94735717773,0.45777255101519904,227.87840270996094,-4344.4427490234375,2025-08-01
2025-08-01,TNL,1968.0,56.951141357421875,112079.84619140625,0.49918227599094644,56.951141357421875,0.0,2025-08-01
2025-08-01,HEI,346.0,324.9715270996094,112440.14837646484,0.5007869932607659,324.9715270996094,0.0,2025-08-01
2025-08-08,HEI,346.0,313.27581787109375,108393.43298339844,0.4896216331003269,324.9715270996094,-4046.7153930664062,2025-08-08
2025-08-08,TNL,1968.0,57.409400939941406,112981.70104980469,0.5103471996032347,56.951141357421875,901.8548583984375,2025-08-08
2025-08-15,HEI,346.0,307.79779052734375,106498.03552246094,0.48001061625913644,324.9715270996094,-5942.112854003906,2025-08-15
2025-08-15,TNL,1968.0,58.61842727661133,115361.0648803711,0.5199582844310626,56.951141357421875,3281.2186889648438,2025-08-15
2025-08-22,TNL,1968.0,60.929237365722656,119908.73913574219,0.5282445694627073,56.951141357421875,7828.8929443359375,2025-08-22
2025-08-22,HEI,346.0,309.4771728515625,107079.10180664062,0.4717250338882246,324.9715270996094,-5361.046569824219,2025-08-22
2025-08-29,HEI,346.0,311.9062805175781,107919.57305908203,0.47081882165427674,324.9715270996094,-4520.5753173828125,2025-08-29
2025-08-29,TNL,1968.0,61.63125228881836,121290.30450439453,0.5291510763629886,56.951141357421875,9210.458312988281,2025-08-29
2025-09-05,TNL,1881.0,61.12424087524414,114974.69708633423,0.4960835430575111,56.951141357421875,7849.600193023682,2025-09-05
2025-09-05,PDD,936.0,124.68000030517578,116700.48028564453,0.503529813113088,121.69000244140625,2798.6380004882812,2025-09-05
2025-09-12,PDD,936.0,125.44000244140625,117411.84228515625,0.5063569119498356,121.69000244140625,3510.0,2025-09-12
2025-09-12,TNL,1881.0,60.80500030517578,114374.20557403564,0.49325662909307855,56.951141357421875,7249.108680725098,2025-09-12
2025-09-19,TNL,1881.0,60.04751968383789,112949.38452529907,0.48223028903147597,56.951141357421875,5824.287631988525,2025-09-19
2025-09-19,PDD,936.0,129.47000122070312,121183.92114257812,0.5173871248980877,121.69000244140625,7282.078857421875,2025-09-19
2025-09-26,TNL,1881.0,59.36874008178711,111672.60009384155,0.4783928114054675,56.951141357421875,4547.503200531006,2025-09-26
2025-09-26,PDD,936.0,129.99000549316406,121670.64514160156,0.5212233076501788,121.69000244140625,7768.8028564453125,2025-09-26
2025-09-30,TNL,1881.0,58.52272415161133,110081.24412918091,0.4706700682925467,56.951141357421875,2956.1472358703613,2025-10-03
2025-10-03,PDD,881.0,134.25,118274.25,0.4998134526648364,121.69000244140625,11065.357849121094,2025-10-03
2025-10-03,PPL,3275.0,36.13276290893555,118334.79852676392,0.5000693238135914,36.02446365356445,354.68006134033203,2025-10-03
2025-10-10,PDD,881.0,124.2699966430664,109481.8670425415,0.4769343744827974,121.69000244140625,2272.9748916625977,2025-10-10
2025-10-10,PPL,3275.0,36.65456771850586,120043.70927810669,0.5229447847551023,36.02446365356445,2063.5908126831055,2025-10-10
2025-10-17,PPL,3275.0,36.86132049560547,120720.82462310791,0.5160345108573834,36.02446365356445,2740.706157684326,2025-10-17
2025-10-17,PDD,881.0,128.47999572753906,113190.87623596191,0.48384691402085184,121.69000244140625,5981.984085083008,2025-10-17
2025-10-24,PDD,881.0,133.9600067138672,118018.76591491699,0.4948850543068239,121.69000244140625,10809.873764038086,2025-10-24
2025-10-24,PPL,3275.0,36.772708892822266,120430.62162399292,0.5049986267909385,36.02446365356445,2450.503158569336,2025-10-24
2025-10-31,PDD,881.0,134.8699951171875,118820.46569824219,0.5021942303984832,121.69000244140625,11611.573547363281,2025-10-31
2025-10-31,PPL,3275.0,35.955543518066406,117754.40502166748,0.49768852914672956,36.02446365356445,-225.71344375610352,2025-10-31
2025-11-07,GOOG,414.0,279.32086181640625,115638.83679199219,0.5004832328090285,283.73486328125,-1827.3966064453125,2025-11-07
2025-11-07,GOOGL,414.0,278.4516906738281,115278.99993896484,0.49892586405227685,283.3350830078125,-2021.7244262695312,2025-11-07
2025-11-14,GOOGL,414.0,276.0350036621094,114278.49151611328,0.49918681388283187,283.3350830078125,-3022.2328491210938,2025-11-14
2025-11-14,GOOG,414.0,276.60455322265625,114514.28503417969,0.5002167978584359,283.73486328125,-2951.9483642578125,2025-11-14
2025-11-21,GOOG,249.0,299.2438049316406,74511.70742797852,0.3008537791665164,283.73486328125,3861.7264709472656,2025-11-21
2025-11-21,GOOGL,249.0,299.2534484863281,74514.1086730957,0.3008634746048998,283.3350830078125,3963.6730041503906,2025-11-21
2025-11-28,GOOG,249.0,319.68603515625,79601.82275390625,0.30870149861827073,283.73486328125,8951.841796875,2025-11-28
2025-11-28,GOOGL,249.0,319.74560546875,79616.65576171875,0.3087590220716581,283.3350830078125,9066.220092773438,2025-11-28
2025-12-05,GOOGL,403.0,320.8341064453125,129296.14489746094,0.4996266116837034,297.4838331804678,9410.160125732422,2025-12-05
2025-12-05,GOOG,402.0,321.65338134765625,129304.65930175781,0.49965951307432666,298.0611913880305,9484.060363769546,2025-12-05
2025-12-12,GOOG,402.0,310.3013916015625,124741.15942382812,0.5000004449057565,298.0611913880305,4920.560485839858,2025-12-12
2025-12-12,GOOGL,403.0,309.07244873046875,124556.1968383789,0.4992590586989688,297.4838331804678,4670.212066650391,2025-12-12
2025-12-19,GOOG,402.0,308.3927307128906,123973.87774658203,0.5001830282027436,298.0611913880305,4153.278808593765,2025-12-19
2025-12-19,GOOGL,403.0,306.9439392089844,123698.4075012207,0.4990716203480483,297.4838331804678,3812.4227294921875,2025-12-19
2025-12-26,GOOGL,403.0,313.2894592285156,126255.6520690918,0.499102909464328,297.4838331804678,6369.667297363281,2025-12-26
2025-12-26,GOOG,402.0,314.7382507324219,126524.7767944336,0.5001667900211634,298.0611913880305,6704.177856445327,2025-12-26
2026-01-02,GOOG,402.0,315.0980224609375,126669.40502929688,0.4991499275827113,298.0611913880305,6848.806091308608,2026-01-02
2026-01-02,GOOGL,403.0,314.9283142089844,126916.1106262207,0.5001220887830445,297.4838331804678,7030.1258544921875,2026-01-02
2026-01-09,GOOG,402.0,328.9082946777344,132221.13446044922,0.49946327686214875,298.0611913880305,12400.535522460952,2026-01-09
2026-01-09,GOOGL,403.0,328.3388671875,132320.5634765625,0.49983886842249775,297.4838331804678,12434.578704833984,2026-01-09
2026-01-16,GOOGL,403.0,329.7678527832031,132896.44467163086,0.5000160058622918,297.4838331804678,13010.459899902344,2026-01-16
2026-01-16,GOOG,402.0,330.1074523925781,132703.1958618164,0.49928891720119317,298.0611913880305,12882.59692382814,2026-01-16
2026-01-23,GOOG,402.0,328.19879150390625,131935.9141845703,0.4994101666300664,298.0611913880305,12115.315246582046,2026-01-23
2026-01-23,GOOGL,403.0,327.6993103027344,132062.82205200195,0.49989054439234903,297.4838331804678,12176.837280273438,2026-01-23
2026-01-30,GOOG,402.0,338.29168701171875,135993.25817871094,0.4994313836016714,298.0611913880305,16172.65924072267,2026-01-30
2026-01-30,GOOGL,403.0,337.7622375488281,136118.18173217773,0.49989016180867907,297.4838331804678,16232.196960449219,2026-01-30
2026-02-06,CNQ,952.0,38.7480583190918,36888.15151977539,0.12868941506334533,36.17146301269531,2452.918731689453,2026-02-06
2026-02-06,PBA,853.0,42.19462585449219,35992.015853881836,0.1255631219337094,40.50447082519531,1441.7022399902344,2026-02-06
2026-02-13,PBA,853.0,43.9045524597168,37450.58324813843,0.1293209962647475,40.50447082519531,2900.269634246826,2026-02-13
2026-02-13,CNQ,952.0,40.313838958740234,38378.7746887207,0.1325261437260084,36.17146301269531,3943.5419006347656,2026-02-13
2026-02-20,CNQ,952.0,42.01836013793945,40001.47885131836,0.13765874400667322,36.17146301269531,5566.246063232422,2026-02-20
2026-02-20,PBA,853.0,43.16325378417969,36818.25547790527,0.1267041857238289,40.50447082519531,2267.941864013672,2026-02-20
2026-02-27,CNQ,952.0,43.37602615356445,41293.97689819336,0.1413467357892104,36.17146301269531,6858.744110107422,2026-02-27
2026-02-27,PBA,853.0,43.47954559326172,37088.052391052246,0.1269501156349949,40.50447082519531,2537.7387771606445,2026-02-27
2026-03-06,TRGP,153.0,236.01466369628906,36110.24354553223,0.12328318941848126,238.41262817382812,-366.88856506347656,2026-03-06
2026-03-06,PR,1967.0,18.69316291809082,36769.45145988464,0.12553377668103452,18.6336612701416,117.03974151611328,2026-03-06
2026-03-13,PR,1967.0,19.189001083374023,37744.765130996704,0.12824657012687435,18.6336612701416,1092.3534126281738,2026-03-13
2026-03-13,TRGP,153.0,238.85043334960938,36544.116302490234,0.12416708801462896,238.41262817382812,66.98419189453125,2026-03-13
2026-03-20,PR,1967.0,20.06999969482422,39477.68939971924,0.13353069484010255,18.6336612701416,2825.277681350708,2026-03-20
2026-03-20,TRGP,153.0,236.22361755371094,36142.21348571777,0.12224866635283729,238.41262817382812,-334.9186248779297,2026-03-20
2026-03-27,PR,1967.0,21.649999618530273,42585.54924964905,0.1416192279937301,18.6336612701416,5933.137531280518,2026-03-27
2026-03-27,TRGP,153.0,248.97955322265625,38093.871643066406,0.1266820503302014,238.41262817382812,1616.7395324707031,2026-03-27
2026-03-31,PR,1967.0,21.31999969482422,41936.43939971924,0.139726847773781,18.6336612701416,5284.027681350708,2026-04-03
2026-03-31,TRGP,153.0,249.47705078125,38169.98876953125,0.12717751641935843,238.41262817382812,1692.8566589355469,2026-04-03
2026-04-02,CNQ,799.0,47.529998779296875,37976.4690246582,0.1270446252707417,46.560001373291016,775.0279273986816,2026-04-03
2026-04-02,LNG,135.0,280.5101013183594,37868.863677978516,0.12668464759779974,275.202392578125,716.5406799316406,2026-04-03
2026-04-10,CNQ,3196.0,46.349998474121094,148134.59512329102,0.5004297001086622,46.170647699931386,573.2050743103027,2026-04-10
2026-04-10,LNG,558.0,264.92620849609375,147828.8243408203,0.49939674233909825,267.4942151688333,-1432.9477233886719,2026-04-10
2026-04-17,CNQ,3196.0,43.0,137428.0,0.49567792826212415,46.170647699931386,-10133.390048980713,2026-04-17
2026-04-17,LNG,558.0,250.4896697998047,139773.23574829102,0.5041367692333902,267.4942151688333,-9488.536315917969,2026-04-17
2026-04-24,LNG,558.0,256.4957275390625,143124.61596679688,0.5029557095180106,267.4942151688333,-6137.156097412109,2026-04-24
2026-04-24,CNQ,3196.0,44.2400016784668,141391.04536437988,0.49686375093738133,46.170647699931386,-6170.34468460083,2026-04-24
2026-05-01,CNQ,3196.0,46.959999084472656,150084.1570739746,0.4994802113735223,46.170647699931386,2522.7670249938965,2026-05-01
2026-05-01,LNG,558.0,269.4357604980469,150345.15435791016,0.5003488105720625,267.4942151688333,1083.3822937011719,2026-05-01
2026-05-08,CNQ,3196.0,44.529998779296875,142317.8760986328,0.5155680071523963,46.170647699931386,-5243.5139503479,2026-05-08
2026-05-08,LNG,558.0,239.55499267578125,133671.68591308594,0.48424587696311755,267.4942151688333,-15590.086151123047,2026-05-08
2026-05-15,CNQ,3196.0,47.97999954223633,153344.0785369873,0.5318128715681372,46.170647699931386,5782.688488006592,2026-05-15
2026-05-15,LNG,558.0,241.83999633789062,134946.71795654297,0.4680089526108061,267.4942151688333,-14315.054107666016,2026-05-15
