rebalance_date,ticker,weight,Name,sector,portfolio_sleeve_label,market_circuit_state,market_circuit_multiplier,market_circuit_source_rebalance_date,market_circuit_target_book
2019-05-31,FDS,0.35,FACTSET RESEARCH SYSTEMS INC,Financials,early_scout,caution,0.7,2019-05-31,True
2019-05-31,HEI,0.35,HEICO CORP,Industrials,future_winner,caution,0.7,2019-05-31,True
2019-06-03,FDS,0.2,FACTSET RESEARCH SYSTEMS INC,Financials,early_scout,crisis,0.4,2019-05-31,True
2019-06-03,HEI,0.2,HEICO CORP,Industrials,future_winner,crisis,0.4,2019-05-31,True
2019-06-11,FDS,0.35,FACTSET RESEARCH SYSTEMS INC,Financials,early_scout,caution,0.7,2019-05-31,True
2019-06-11,HEI,0.35,HEICO CORP,Industrials,future_winner,caution,0.7,2019-05-31,True
2019-06-12,FDS,0.5,FACTSET RESEARCH SYSTEMS INC,Financials,early_scout,normal,1.0,2019-05-31,True
2019-06-12,HEI,0.5,HEICO CORP,Industrials,future_winner,normal,1.0,2019-05-31,True
2019-06-13,FDS,0.35,FACTSET RESEARCH SYSTEMS INC,Financials,early_scout,caution,0.7,2019-05-31,True
2019-06-13,HEI,0.35,HEICO CORP,Industrials,future_winner,caution,0.7,2019-05-31,True
2019-06-14,FDS,0.5,FACTSET RESEARCH SYSTEMS INC,Financials,early_scout,normal,1.0,2019-05-31,True
2019-06-14,HEI,0.5,HEICO CORP,Industrials,future_winner,normal,1.0,2019-05-31,True
2019-06-28,HD,0.5,HOME DEPOT INC,Consumer Discretionary,core_compounder,normal,1.0,2019-06-28,True
2019-06-28,HEI,0.4999999999999999,HEICO CORP,Industrials,future_winner,normal,1.0,2019-06-28,True
2019-07-31,CTAS,0.5,CINTAS CORP,Industrials,early_scout,normal,1.0,2019-07-31,True
2019-07-31,HD,0.5,HOME DEPOT INC,Consumer Discretionary,core_compounder,normal,1.0,2019-07-31,True
2019-08-05,CTAS,0.35,CINTAS CORP,Industrials,early_scout,caution,0.7,2019-07-31,True
2019-08-05,HD,0.35,HOME DEPOT INC,Consumer Discretionary,core_compounder,caution,0.7,2019-07-31,True
2019-08-30,HD,0.35,HOME DEPOT INC,Consumer Discretionary,core_compounder,caution,0.7,2019-08-30,True
2019-08-30,RMD,0.35,RESMED INC,Health Care,future_winner,caution,0.7,2019-08-30,True
2019-09-09,HD,0.5,HOME DEPOT INC,Consumer Discretionary,core_compounder,normal,1.0,2019-08-30,True
2019-09-09,RMD,0.5,RESMED INC,Health Care,future_winner,normal,1.0,2019-08-30,True
2019-09-24,HD,0.35,HOME DEPOT INC,Consumer Discretionary,core_compounder,caution,0.7,2019-08-30,True
2019-09-24,RMD,0.35,RESMED INC,Health Care,future_winner,caution,0.7,2019-08-30,True
2019-09-30,MLM,0.35,MARTIN MARIETTA MATERIALS INC,Materials,early_scout,caution,0.7,2019-09-30,True
2019-09-30,SHW,0.35,SHERWIN WILLIAMS,Materials,future_winner,caution,0.7,2019-09-30,True
2019-10-15,MLM,0.5,MARTIN MARIETTA MATERIALS INC,Materials,early_scout,normal,1.0,2019-09-30,True
2019-10-15,SHW,0.5,SHERWIN WILLIAMS,Materials,future_winner,normal,1.0,2019-09-30,True
2019-10-31,BKNG,0.5,BOOKING HOLDINGS INC,Consumer Discretionary,early_scout,normal,1.0,2019-10-31,True
2019-10-31,ORLY,0.5,OREILLY AUTOMOTIVE INC,Consumer Discretionary,early_scout,normal,1.0,2019-10-31,True
2019-11-29,AAPL,0.5,APPLE INC,Information Technology,core_compounder,normal,1.0,2019-11-29,True
2019-11-29,BABA,0.5,Alibaba Group,Internet,future_winner,normal,1.0,2019-11-29,True
2019-12-31,BABA,0.5,Alibaba Group,Internet,future_winner,normal,1.0,2019-12-31,True
2019-12-31,TSLA,0.5,TESLA INC,Consumer Discretionary,early_scout,normal,1.0,2019-12-31,True
2020-01-31,BABA,0.5,Alibaba Group,Internet,future_winner,normal,1.0,2020-01-31,True
2020-01-31,GOOG,0.5,ALPHABET INC CLASS C,Communication,future_winner,normal,1.0,2020-01-31,True
2020-02-25,BABA,0.35,Alibaba Group,Internet,future_winner,caution,0.7,2020-01-31,True
2020-02-25,GOOG,0.35,ALPHABET INC CLASS C,Communication,future_winner,caution,0.7,2020-01-31,True
2020-02-28,BABA,0.35,Alibaba Group,Internet,future_winner,caution,0.7,2020-02-28,True
2020-02-28,NOW,0.35,SERVICENOW INC,Information Technology,future_winner,caution,0.7,2020-02-28,True
2020-03-09,BABA,0.2,Alibaba Group,Internet,future_winner,crisis,0.4,2020-02-28,True
2020-03-09,NOW,0.2,SERVICENOW INC,Information Technology,future_winner,crisis,0.4,2020-02-28,True
2020-03-26,BABA,0.35,Alibaba Group,Internet,future_winner,caution,0.7,2020-02-28,True
2020-03-26,NOW,0.35,SERVICENOW INC,Information Technology,future_winner,caution,0.7,2020-02-28,True
2020-03-27,BABA,0.2,Alibaba Group,Internet,future_winner,crisis,0.4,2020-02-28,True
2020-03-27,NOW,0.2,SERVICENOW INC,Information Technology,future_winner,crisis,0.4,2020-02-28,True
2020-03-30,BABA,0.35,Alibaba Group,Internet,future_winner,caution,0.7,2020-02-28,True
2020-03-30,NOW,0.35,SERVICENOW INC,Information Technology,future_winner,caution,0.7,2020-02-28,True
2020-03-31,JD,0.2,JD.com,Internet,early_scout,crisis,0.4,2020-03-31,True
2020-03-31,VRTX,0.2,VERTEX PHARMACEUTICALS INC,Health Care,future_winner,crisis,0.4,2020-03-31,True
2020-04-02,JD,0.35,JD.com,Internet,early_scout,caution,0.7,2020-03-31,True
2020-04-02,VRTX,0.35,VERTEX PHARMACEUTICALS INC,Health Care,future_winner,caution,0.7,2020-03-31,True
2020-04-03,JD,0.2,JD.com,Internet,early_scout,crisis,0.4,2020-03-31,True
2020-04-03,VRTX,0.2,VERTEX PHARMACEUTICALS INC,Health Care,future_winner,crisis,0.4,2020-03-31,True
2020-04-06,JD,0.35,JD.com,Internet,early_scout,caution,0.7,2020-03-31,True
2020-04-06,VRTX,0.35,VERTEX PHARMACEUTICALS INC,Health Care,future_winner,caution,0.7,2020-03-31,True
2020-04-07,JD,0.2,JD.com,Internet,early_scout,crisis,0.4,2020-03-31,True
2020-04-07,VRTX,0.2,VERTEX PHARMACEUTICALS INC,Health Care,future_winner,crisis,0.4,2020-03-31,True
2020-04-08,JD,0.35,JD.com,Internet,early_scout,caution,0.7,2020-03-31,True
2020-04-08,VRTX,0.35,VERTEX PHARMACEUTICALS INC,Health Care,future_winner,caution,0.7,2020-03-31,True
2020-04-09,JD,0.5,JD.com,Internet,early_scout,normal,1.0,2020-03-31,True
2020-04-09,VRTX,0.5,VERTEX PHARMACEUTICALS INC,Health Care,future_winner,normal,1.0,2020-03-31,True
2020-04-13,JD,0.35,JD.com,Internet,early_scout,caution,0.7,2020-03-31,True
2020-04-13,VRTX,0.35,VERTEX PHARMACEUTICALS INC,Health Care,future_winner,caution,0.7,2020-03-31,True
2020-04-14,JD,0.5,JD.com,Internet,early_scout,normal,1.0,2020-03-31,True
2020-04-14,VRTX,0.5,VERTEX PHARMACEUTICALS INC,Health Care,future_winner,normal,1.0,2020-03-31,True
2020-04-30,AMZN,0.5,AMAZON.COM INC,Consumer Discretionary,future_winner,normal,1.0,2020-04-30,True
2020-04-30,ZTO,0.5,ZTO Express,Industrials,early_scout,normal,1.0,2020-04-30,True
2020-05-29,ABT,0.5,ABBOTT LABORATORIES,Health Care,future_winner,normal,1.0,2020-05-29,True
2020-05-29,RGEN,0.5,Repligen,Health Care,early_scout,normal,1.0,2020-05-29,True
2020-06-30,CDNS,0.5,CADENCE DESIGN SYSTEMS INC,Information Technology,future_winner,normal,1.0,2020-06-30,True
2020-06-30,MELI,0.5,MercadoLibre,Internet,future_winner,normal,1.0,2020-06-30,True
2020-07-31,CTAS,0.5,CINTAS CORP,Industrials,early_scout,normal,1.0,2020-07-31,True
2020-07-31,MELI,0.5,MercadoLibre,Internet,future_winner,normal,1.0,2020-07-31,True
2020-08-31,HD,0.5,HOME DEPOT INC,Consumer Discretionary,core_compounder,normal,1.0,2020-08-31,True
2020-08-31,GOOG,0.4999999999999999,ALPHABET INC CLASS C,Communication,future_winner,normal,1.0,2020-08-31,True
2020-09-11,HD,0.35,HOME DEPOT INC,Consumer Discretionary,core_compounder,caution,0.7,2020-08-31,True
2020-09-11,GOOG,0.3499999999999999,ALPHABET INC CLASS C,Communication,future_winner,caution,0.7,2020-08-31,True
2020-09-30,ENTG,0.35,ENTEGRIS INC,Information Technology,future_winner,caution,0.7,2020-09-30,True
2020-09-30,HD,0.35,HOME DEPOT INC,Consumer Discretionary,core_compounder,caution,0.7,2020-09-30,True
2020-10-01,ENTG,0.5,ENTEGRIS INC,Information Technology,future_winner,normal,1.0,2020-09-30,True
2020-10-01,HD,0.5,HOME DEPOT INC,Consumer Discretionary,core_compounder,normal,1.0,2020-09-30,True
2020-10-02,ENTG,0.35,ENTEGRIS INC,Information Technology,future_winner,caution,0.7,2020-09-30,True
2020-10-02,HD,0.35,HOME DEPOT INC,Consumer Discretionary,core_compounder,caution,0.7,2020-09-30,True
2020-10-05,ENTG,0.5,ENTEGRIS INC,Information Technology,future_winner,normal,1.0,2020-09-30,True
2020-10-05,HD,0.5,HOME DEPOT INC,Consumer Discretionary,core_compounder,normal,1.0,2020-09-30,True
2020-10-06,ENTG,0.35,ENTEGRIS INC,Information Technology,future_winner,caution,0.7,2020-09-30,True
2020-10-06,HD,0.35,HOME DEPOT INC,Consumer Discretionary,core_compounder,caution,0.7,2020-09-30,True
2020-10-07,ENTG,0.5,ENTEGRIS INC,Information Technology,future_winner,normal,1.0,2020-09-30,True
2020-10-07,HD,0.5,HOME DEPOT INC,Consumer Discretionary,core_compounder,normal,1.0,2020-09-30,True
2020-10-26,ENTG,0.35,ENTEGRIS INC,Information Technology,future_winner,caution,0.7,2020-09-30,True
2020-10-26,HD,0.35,HOME DEPOT INC,Consumer Discretionary,core_compounder,caution,0.7,2020-09-30,True
2020-10-30,GOOG,0.35,ALPHABET INC CLASS C,Communication,future_winner,caution,0.7,2020-10-30,True
2020-10-30,GOOGL,0.35,ALPHABET INC CLASS A,Communication,future_winner,caution,0.7,2020-10-30,True
2020-11-05,GOOG,0.5,ALPHABET INC CLASS C,Communication,future_winner,normal,1.0,2020-10-30,True
2020-11-05,GOOGL,0.5,ALPHABET INC CLASS A,Communication,future_winner,normal,1.0,2020-10-30,True
2020-11-30,GOOG,0.5,ALPHABET INC CLASS C,Communication,future_winner,normal,1.0,2020-11-30,True
2020-11-30,GOOGL,0.4999999999999999,ALPHABET INC CLASS A,Communication,future_winner,normal,1.0,2020-11-30,True
2020-12-31,GOOG,0.5,ALPHABET INC CLASS C,Communication,future_winner,normal,1.0,2020-12-31,True
2020-12-31,HPQ,0.5,HP INC,Information Technology,early_scout,normal,1.0,2020-12-31,True
2021-01-29,GOOG,0.5,ALPHABET INC CLASS C,Communication,future_winner,normal,1.0,2021-01-29,True
2021-01-29,GOOGL,0.5,ALPHABET INC CLASS A,Communication,future_winner,normal,1.0,2021-01-29,True
2021-02-25,GOOG,0.35,ALPHABET INC CLASS C,Communication,future_winner,caution,0.7,2021-01-29,True
2021-02-25,GOOGL,0.35,ALPHABET INC CLASS A,Communication,future_winner,caution,0.7,2021-01-29,True
2021-02-26,LPX,0.35,LOUISIANA PACIFIC CORP,Materials,early_scout,caution,0.7,2021-02-26,True
2021-02-26,GOOG,0.3499999999999999,ALPHABET INC CLASS C,Communication,future_winner,caution,0.7,2021-02-26,True
2021-03-17,LPX,0.5,LOUISIANA PACIFIC CORP,Materials,early_scout,normal,1.0,2021-02-26,True
2021-03-17,GOOG,0.4999999999999999,ALPHABET INC CLASS C,Communication,future_winner,normal,1.0,2021-02-26,True
2021-03-18,LPX,0.35,LOUISIANA PACIFIC CORP,Materials,early_scout,caution,0.7,2021-02-26,True
2021-03-18,GOOG,0.3499999999999999,ALPHABET INC CLASS C,Communication,future_winner,caution,0.7,2021-02-26,True
2021-03-22,LPX,0.5,LOUISIANA PACIFIC CORP,Materials,early_scout,normal,1.0,2021-02-26,True
2021-03-22,GOOG,0.4999999999999999,ALPHABET INC CLASS C,Communication,future_winner,normal,1.0,2021-02-26,True
2021-03-23,LPX,0.35,LOUISIANA PACIFIC CORP,Materials,early_scout,caution,0.7,2021-02-26,True
2021-03-23,GOOG,0.3499999999999999,ALPHABET INC CLASS C,Communication,future_winner,caution,0.7,2021-02-26,True
2021-03-31,MCO,0.35,MOODYS CORP,Financials,future_winner,caution,0.7,2021-03-31,True
2021-03-31,NDAQ,0.3499999999999999,NASDAQ INC,Financials,early_scout,caution,0.7,2021-03-31,True
2021-04-01,MCO,0.5,MOODYS CORP,Financials,future_winner,normal,1.0,2021-03-31,True
2021-04-01,NDAQ,0.4999999999999999,NASDAQ INC,Financials,early_scout,normal,1.0,2021-03-31,True
2021-04-30,ORLY,0.5,OREILLY AUTOMOTIVE INC,Consumer Discretionary,early_scout,normal,1.0,2021-04-30,True
2021-04-30,GOOG,0.4999999999999999,ALPHABET INC CLASS C,Communication,future_winner,normal,1.0,2021-04-30,True
2021-05-11,ORLY,0.35,OREILLY AUTOMOTIVE INC,Consumer Discretionary,early_scout,caution,0.7,2021-04-30,True
2021-05-11,GOOG,0.3499999999999999,ALPHABET INC CLASS C,Communication,future_winner,caution,0.7,2021-04-30,True
2021-05-26,ORLY,0.5,OREILLY AUTOMOTIVE INC,Consumer Discretionary,early_scout,normal,1.0,2021-04-30,True
2021-05-26,GOOG,0.4999999999999999,ALPHABET INC CLASS C,Communication,future_winner,normal,1.0,2021-04-30,True
2021-05-28,NDAQ,0.5,NASDAQ INC,Financials,early_scout,normal,1.0,2021-05-28,True
2021-05-28,IRM,0.4999999999999999,IRON MOUNTAIN INC,Real Estate,future_winner,normal,1.0,2021-05-28,True
2021-06-03,NDAQ,0.35,NASDAQ INC,Financials,early_scout,caution,0.7,2021-05-28,True
2021-06-03,IRM,0.3499999999999999,IRON MOUNTAIN INC,Real Estate,future_winner,caution,0.7,2021-05-28,True
2021-06-14,NDAQ,0.5,NASDAQ INC,Financials,early_scout,normal,1.0,2021-05-28,True
2021-06-14,IRM,0.4999999999999999,IRON MOUNTAIN INC,Real Estate,future_winner,normal,1.0,2021-05-28,True
2021-06-30,IDXX,0.5,IDEXX LABORATORIES INC,Health Care,future_winner,normal,1.0,2021-06-30,True
2021-06-30,NDAQ,0.5,NASDAQ INC,Financials,future_winner,normal,1.0,2021-06-30,True
2021-07-30,MCO,0.5,MOODYS CORP,Financials,future_winner,normal,1.0,2021-07-30,True
2021-07-30,TROW,0.5,T ROWE PRICE GROUP INC,Financials,future_winner,normal,1.0,2021-07-30,True
2021-08-31,DHR,0.5,DANAHER CORP,Health Care,core_compounder,normal,1.0,2021-08-31,True
2021-08-31,TROW,0.5,T ROWE PRICE GROUP INC,Financials,future_winner,normal,1.0,2021-08-31,True
2021-09-20,DHR,0.35,DANAHER CORP,Health Care,core_compounder,caution,0.7,2021-08-31,True
2021-09-20,TROW,0.35,T ROWE PRICE GROUP INC,Financials,future_winner,caution,0.7,2021-08-31,True
2021-09-30,ORLY,0.35,OREILLY AUTOMOTIVE INC,Consumer Discretionary,early_scout,caution,0.7,2021-09-30,True
2021-09-30,RGEN,0.35,Repligen,Health Care,future_winner,caution,0.7,2021-09-30,True
2021-10-18,ORLY,0.5,OREILLY AUTOMOTIVE INC,Consumer Discretionary,early_scout,normal,1.0,2021-09-30,True
2021-10-18,RGEN,0.5,Repligen,Health Care,future_winner,normal,1.0,2021-09-30,True
2021-10-29,CPRT,0.5,COPART INC,Industrials,early_scout,normal,1.0,2021-10-29,True
2021-10-29,ODFL,0.5,OLD DOMINION FREIGHT LINE INC,Industrials,future_winner,normal,1.0,2021-10-29,True
2021-11-30,AZO,0.5,AUTOZONE INC,Consumer Discretionary,future_winner,normal,1.0,2021-11-30,True
2021-11-30,FDS,0.5,FACTSET RESEARCH SYSTEMS INC,Financials,future_winner,normal,1.0,2021-11-30,True
2021-12-17,AZO,0.35,AUTOZONE INC,Consumer Discretionary,future_winner,caution,0.7,2021-11-30,True
2021-12-17,FDS,0.35,FACTSET RESEARCH SYSTEMS INC,Financials,future_winner,caution,0.7,2021-11-30,True
2021-12-29,AZO,0.5,AUTOZONE INC,Consumer Discretionary,future_winner,normal,1.0,2021-11-30,True
2021-12-29,FDS,0.5,FACTSET RESEARCH SYSTEMS INC,Financials,future_winner,normal,1.0,2021-11-30,True
2021-12-31,FDS,0.5,FACTSET RESEARCH SYSTEMS INC,Financials,future_winner,normal,1.0,2021-12-31,True
2021-12-31,STE,0.5,STERIS,Health Care,future_winner,normal,1.0,2021-12-31,True
2022-01-05,FDS,0.35,FACTSET RESEARCH SYSTEMS INC,Financials,future_winner,caution,0.7,2021-12-31,True
2022-01-05,STE,0.35,STERIS,Health Care,future_winner,caution,0.7,2021-12-31,True
2022-01-20,FDS,0.2,FACTSET RESEARCH SYSTEMS INC,Financials,future_winner,crisis,0.4,2021-12-31,True
2022-01-20,STE,0.2,STERIS,Health Care,future_winner,crisis,0.4,2021-12-31,True
2022-01-31,AAPL,0.2,APPLE INC,Information Technology,core_compounder,crisis,0.4,2022-01-31,True
2022-01-31,ATO,0.2,ATMOS ENERGY CORP,Utilities,early_scout,crisis,0.4,2022-01-31,True
2022-02-09,AAPL,0.35,APPLE INC,Information Technology,core_compounder,caution,0.7,2022-01-31,True
2022-02-09,ATO,0.35,ATMOS ENERGY CORP,Utilities,early_scout,caution,0.7,2022-01-31,True
2022-02-10,AAPL,0.2,APPLE INC,Information Technology,core_compounder,crisis,0.4,2022-01-31,True
2022-02-10,ATO,0.2,ATMOS ENERGY CORP,Utilities,early_scout,crisis,0.4,2022-01-31,True
2022-02-28,BYD,0.2,BOYD GAMING CORP,Consumer Discretionary,early_scout,crisis,0.4,2022-02-28,True
2022-02-28,FCX,0.2,FREEPORT MCMORAN INC,Materials,future_winner,crisis,0.4,2022-02-28,True
2022-03-18,BYD,0.35,BOYD GAMING CORP,Consumer Discretionary,early_scout,caution,0.7,2022-02-28,True
2022-03-18,FCX,0.35,FREEPORT MCMORAN INC,Materials,future_winner,caution,0.7,2022-02-28,True
2022-03-21,BYD,0.2,BOYD GAMING CORP,Consumer Discretionary,early_scout,crisis,0.4,2022-02-28,True
2022-03-21,FCX,0.2,FREEPORT MCMORAN INC,Materials,future_winner,crisis,0.4,2022-02-28,True
2022-03-22,BYD,0.35,BOYD GAMING CORP,Consumer Discretionary,early_scout,caution,0.7,2022-02-28,True
2022-03-22,FCX,0.35,FREEPORT MCMORAN INC,Materials,future_winner,caution,0.7,2022-02-28,True
2022-03-23,BYD,0.2,BOYD GAMING CORP,Consumer Discretionary,early_scout,crisis,0.4,2022-02-28,True
2022-03-23,FCX,0.2,FREEPORT MCMORAN INC,Materials,future_winner,crisis,0.4,2022-02-28,True
2022-03-24,BYD,0.35,BOYD GAMING CORP,Consumer Discretionary,early_scout,caution,0.7,2022-02-28,True
2022-03-24,FCX,0.35,FREEPORT MCMORAN INC,Materials,future_winner,caution,0.7,2022-02-28,True
2022-03-25,BYD,0.2,BOYD GAMING CORP,Consumer Discretionary,early_scout,crisis,0.4,2022-02-28,True
2022-03-25,FCX,0.2,FREEPORT MCMORAN INC,Materials,future_winner,crisis,0.4,2022-02-28,True
2022-03-28,BYD,0.35,BOYD GAMING CORP,Consumer Discretionary,early_scout,caution,0.7,2022-02-28,True
2022-03-28,FCX,0.35,FREEPORT MCMORAN INC,Materials,future_winner,caution,0.7,2022-02-28,True
2022-03-29,BYD,0.5,BOYD GAMING CORP,Consumer Discretionary,early_scout,normal,1.0,2022-02-28,True
2022-03-29,FCX,0.5,FREEPORT MCMORAN INC,Materials,future_winner,normal,1.0,2022-02-28,True
2022-03-30,BYD,0.2,BOYD GAMING CORP,Consumer Discretionary,early_scout,crisis,0.4,2022-02-28,True
2022-03-30,FCX,0.2,FREEPORT MCMORAN INC,Materials,future_winner,crisis,0.4,2022-02-28,True
2022-03-31,OKE,0.5,ONEOK INC,Energy,future_winner,normal,1.0,2022-03-31,True
2022-03-31,STLD,0.5,STEEL DYNAMICS INC,Materials,future_winner,normal,1.0,2022-03-31,True
2022-04-01,OKE,0.2,ONEOK INC,Energy,future_winner,crisis,0.4,2022-03-31,True
2022-04-01,STLD,0.2,STEEL DYNAMICS INC,Materials,future_winner,crisis,0.4,2022-03-31,True
2022-04-04,OKE,0.5,ONEOK INC,Energy,future_winner,normal,1.0,2022-03-31,True
2022-04-04,STLD,0.5,STEEL DYNAMICS INC,Materials,future_winner,normal,1.0,2022-03-31,True
2022-04-05,OKE,0.2,ONEOK INC,Energy,future_winner,crisis,0.4,2022-03-31,True
2022-04-05,STLD,0.2,STEEL DYNAMICS INC,Materials,future_winner,crisis,0.4,2022-03-31,True
2022-04-07,OKE,0.5,ONEOK INC,Energy,future_winner,normal,1.0,2022-03-31,True
2022-04-07,STLD,0.5,STEEL DYNAMICS INC,Materials,future_winner,normal,1.0,2022-03-31,True
2022-04-08,OKE,0.2,ONEOK INC,Energy,future_winner,crisis,0.4,2022-03-31,True
2022-04-08,STLD,0.2,STEEL DYNAMICS INC,Materials,future_winner,crisis,0.4,2022-03-31,True
2022-04-29,FCX,0.2,FREEPORT MCMORAN INC,Materials,future_winner,crisis,0.4,2022-04-29,True
2022-04-29,LYB,0.2,LYONDELLBASELL INDUSTRIES NV CLASS,Materials,future_winner,crisis,0.4,2022-04-29,True
2022-05-31,AEE,0.35,AMEREN CORP,Utilities,early_scout,caution,0.7,2022-05-31,True
2022-05-31,VICI,0.35,VICI PPTYS INC,Real Estate,future_winner,caution,0.7,2022-05-31,True
2022-06-01,AEE,0.2,AMEREN CORP,Utilities,early_scout,crisis,0.4,2022-05-31,True
2022-06-01,VICI,0.2,VICI PPTYS INC,Real Estate,future_winner,crisis,0.4,2022-05-31,True
2022-06-02,AEE,0.35,AMEREN CORP,Utilities,early_scout,caution,0.7,2022-05-31,True
2022-06-02,VICI,0.35,VICI PPTYS INC,Real Estate,future_winner,caution,0.7,2022-05-31,True
2022-06-03,AEE,0.2,AMEREN CORP,Utilities,early_scout,crisis,0.4,2022-05-31,True
2022-06-03,VICI,0.2,VICI PPTYS INC,Real Estate,future_winner,crisis,0.4,2022-05-31,True
2022-06-06,AEE,0.35,AMEREN CORP,Utilities,early_scout,caution,0.7,2022-05-31,True
2022-06-06,VICI,0.35,VICI PPTYS INC,Real Estate,future_winner,caution,0.7,2022-05-31,True
2022-06-07,AEE,0.2,AMEREN CORP,Utilities,early_scout,crisis,0.4,2022-05-31,True
2022-06-07,VICI,0.2,VICI PPTYS INC,Real Estate,future_winner,crisis,0.4,2022-05-31,True
2022-06-08,AEE,0.35,AMEREN CORP,Utilities,early_scout,caution,0.7,2022-05-31,True
2022-06-08,VICI,0.35,VICI PPTYS INC,Real Estate,future_winner,caution,0.7,2022-05-31,True
2022-06-09,AEE,0.2,AMEREN CORP,Utilities,early_scout,crisis,0.4,2022-05-31,True
2022-06-09,VICI,0.2,VICI PPTYS INC,Real Estate,future_winner,crisis,0.4,2022-05-31,True
2022-06-30,NOC,0.2,NORTHROP GRUMMAN CORP,Industrials,future_winner,crisis,0.4,2022-06-30,True
2022-06-30,VRTX,0.2,VERTEX PHARMACEUTICALS INC,Health Care,future_winner,crisis,0.4,2022-06-30,True
2022-07-05,NOC,0.35,NORTHROP GRUMMAN CORP,Industrials,future_winner,caution,0.7,2022-06-30,True
2022-07-05,VRTX,0.35,VERTEX PHARMACEUTICALS INC,Health Care,future_winner,caution,0.7,2022-06-30,True
2022-07-06,NOC,0.2,NORTHROP GRUMMAN CORP,Industrials,future_winner,crisis,0.4,2022-06-30,True
2022-07-06,VRTX,0.2,VERTEX PHARMACEUTICALS INC,Health Care,future_winner,crisis,0.4,2022-06-30,True
2022-07-07,NOC,0.35,NORTHROP GRUMMAN CORP,Industrials,future_winner,caution,0.7,2022-06-30,True
2022-07-07,VRTX,0.35,VERTEX PHARMACEUTICALS INC,Health Care,future_winner,caution,0.7,2022-06-30,True
2022-07-08,NOC,0.2,NORTHROP GRUMMAN CORP,Industrials,future_winner,crisis,0.4,2022-06-30,True
2022-07-08,VRTX,0.2,VERTEX PHARMACEUTICALS INC,Health Care,future_winner,crisis,0.4,2022-06-30,True
2022-07-15,NOC,0.35,NORTHROP GRUMMAN CORP,Industrials,future_winner,caution,0.7,2022-06-30,True
2022-07-15,VRTX,0.35,VERTEX PHARMACEUTICALS INC,Health Care,future_winner,caution,0.7,2022-06-30,True
2022-07-18,NOC,0.2,NORTHROP GRUMMAN CORP,Industrials,future_winner,crisis,0.4,2022-06-30,True
2022-07-18,VRTX,0.2,VERTEX PHARMACEUTICALS INC,Health Care,future_winner,crisis,0.4,2022-06-30,True
2022-07-19,NOC,0.5,NORTHROP GRUMMAN CORP,Industrials,future_winner,normal,1.0,2022-06-30,True
2022-07-19,VRTX,0.5,VERTEX PHARMACEUTICALS INC,Health Care,future_winner,normal,1.0,2022-06-30,True
2022-07-20,NOC,0.2,NORTHROP GRUMMAN CORP,Industrials,future_winner,crisis,0.4,2022-06-30,True
2022-07-20,VRTX,0.2,VERTEX PHARMACEUTICALS INC,Health Care,future_winner,crisis,0.4,2022-06-30,True
2022-07-21,NOC,0.5,NORTHROP GRUMMAN CORP,Industrials,future_winner,normal,1.0,2022-06-30,True
2022-07-21,VRTX,0.5,VERTEX PHARMACEUTICALS INC,Health Care,future_winner,normal,1.0,2022-06-30,True
2022-07-22,NOC,0.2,NORTHROP GRUMMAN CORP,Industrials,future_winner,crisis,0.4,2022-06-30,True
2022-07-22,VRTX,0.2,VERTEX PHARMACEUTICALS INC,Health Care,future_winner,crisis,0.4,2022-06-30,True
2022-07-25,NOC,0.35,NORTHROP GRUMMAN CORP,Industrials,future_winner,caution,0.7,2022-06-30,True
2022-07-25,VRTX,0.35,VERTEX PHARMACEUTICALS INC,Health Care,future_winner,caution,0.7,2022-06-30,True
2022-07-26,NOC,0.2,NORTHROP GRUMMAN CORP,Industrials,future_winner,crisis,0.4,2022-06-30,True
2022-07-26,VRTX,0.2,VERTEX PHARMACEUTICALS INC,Health Care,future_winner,crisis,0.4,2022-06-30,True
2022-07-27,NOC,0.5,NORTHROP GRUMMAN CORP,Industrials,future_winner,normal,1.0,2022-06-30,True
2022-07-27,VRTX,0.5,VERTEX PHARMACEUTICALS INC,Health Care,future_winner,normal,1.0,2022-06-30,True
2022-07-28,NOC,0.2,NORTHROP GRUMMAN CORP,Industrials,future_winner,crisis,0.4,2022-06-30,True
2022-07-28,VRTX,0.2,VERTEX PHARMACEUTICALS INC,Health Care,future_winner,crisis,0.4,2022-06-30,True
2022-07-29,ENPH,0.5,Enphase Energy,Information Technology,future_winner,normal,1.0,2022-07-29,True
2022-07-29,ORLY,0.5,OREILLY AUTOMOTIVE INC,Consumer Discretionary,early_scout,normal,1.0,2022-07-29,True
2022-08-01,ENPH,0.2,Enphase Energy,Information Technology,future_winner,crisis,0.4,2022-07-29,True
2022-08-01,ORLY,0.2,OREILLY AUTOMOTIVE INC,Consumer Discretionary,early_scout,crisis,0.4,2022-07-29,True
2022-08-02,ENPH,0.5,Enphase Energy,Information Technology,future_winner,normal,1.0,2022-07-29,True
2022-08-02,ORLY,0.5,OREILLY AUTOMOTIVE INC,Consumer Discretionary,early_scout,normal,1.0,2022-07-29,True
2022-08-03,ENPH,0.2,Enphase Energy,Information Technology,future_winner,crisis,0.4,2022-07-29,True
2022-08-03,ORLY,0.2,OREILLY AUTOMOTIVE INC,Consumer Discretionary,early_scout,crisis,0.4,2022-07-29,True
2022-08-04,ENPH,0.5,Enphase Energy,Information Technology,future_winner,normal,1.0,2022-07-29,True
2022-08-04,ORLY,0.5,OREILLY AUTOMOTIVE INC,Consumer Discretionary,early_scout,normal,1.0,2022-07-29,True
2022-08-05,ENPH,0.2,Enphase Energy,Information Technology,future_winner,crisis,0.4,2022-07-29,True
2022-08-05,ORLY,0.2,OREILLY AUTOMOTIVE INC,Consumer Discretionary,early_scout,crisis,0.4,2022-07-29,True
2022-08-08,ENPH,0.5,Enphase Energy,Information Technology,future_winner,normal,1.0,2022-07-29,True
2022-08-08,ORLY,0.5,OREILLY AUTOMOTIVE INC,Consumer Discretionary,early_scout,normal,1.0,2022-07-29,True
2022-08-09,ENPH,0.2,Enphase Energy,Information Technology,future_winner,crisis,0.4,2022-07-29,True
2022-08-09,ORLY,0.2,OREILLY AUTOMOTIVE INC,Consumer Discretionary,early_scout,crisis,0.4,2022-07-29,True
2022-08-10,ENPH,0.5,Enphase Energy,Information Technology,future_winner,normal,1.0,2022-07-29,True
2022-08-10,ORLY,0.5,OREILLY AUTOMOTIVE INC,Consumer Discretionary,early_scout,normal,1.0,2022-07-29,True
2022-08-11,ENPH,0.2,Enphase Energy,Information Technology,future_winner,crisis,0.4,2022-07-29,True
2022-08-11,ORLY,0.2,OREILLY AUTOMOTIVE INC,Consumer Discretionary,early_scout,crisis,0.4,2022-07-29,True
2022-08-12,ENPH,0.5,Enphase Energy,Information Technology,future_winner,normal,1.0,2022-07-29,True
2022-08-12,ORLY,0.5,OREILLY AUTOMOTIVE INC,Consumer Discretionary,early_scout,normal,1.0,2022-07-29,True
2022-08-15,ENPH,0.2,Enphase Energy,Information Technology,future_winner,crisis,0.4,2022-07-29,True
2022-08-15,ORLY,0.2,OREILLY AUTOMOTIVE INC,Consumer Discretionary,early_scout,crisis,0.4,2022-07-29,True
2022-08-16,ENPH,0.5,Enphase Energy,Information Technology,future_winner,normal,1.0,2022-07-29,True
2022-08-16,ORLY,0.5,OREILLY AUTOMOTIVE INC,Consumer Discretionary,early_scout,normal,1.0,2022-07-29,True
2022-08-17,ENPH,0.2,Enphase Energy,Information Technology,future_winner,crisis,0.4,2022-07-29,True
2022-08-17,ORLY,0.2,OREILLY AUTOMOTIVE INC,Consumer Discretionary,early_scout,crisis,0.4,2022-07-29,True
2022-08-18,ENPH,0.5,Enphase Energy,Information Technology,future_winner,normal,1.0,2022-07-29,True
2022-08-18,ORLY,0.5,OREILLY AUTOMOTIVE INC,Consumer Discretionary,early_scout,normal,1.0,2022-07-29,True
2022-08-19,ENPH,0.2,Enphase Energy,Information Technology,future_winner,crisis,0.4,2022-07-29,True
2022-08-19,ORLY,0.2,OREILLY AUTOMOTIVE INC,Consumer Discretionary,early_scout,crisis,0.4,2022-07-29,True
2022-08-23,ENPH,0.5,Enphase Energy,Information Technology,future_winner,normal,1.0,2022-07-29,True
2022-08-23,ORLY,0.5,OREILLY AUTOMOTIVE INC,Consumer Discretionary,early_scout,normal,1.0,2022-07-29,True
2022-08-24,ENPH,0.2,Enphase Energy,Information Technology,future_winner,crisis,0.4,2022-07-29,True
2022-08-24,ORLY,0.2,OREILLY AUTOMOTIVE INC,Consumer Discretionary,early_scout,crisis,0.4,2022-07-29,True
2022-08-31,BJ,0.2,BJS WHOLESALE CLUB HOLDINGS INC,Consumer Staples,future_winner,crisis,0.4,2022-08-31,True
2022-08-31,FSLR,0.2,FIRST SOLAR INC,Information Technology,early_scout,crisis,0.4,2022-08-31,True
2022-09-30,HUBB,0.2,HUBBELL INC,Industrials,future_winner,crisis,0.4,2022-09-30,True
2022-09-30,ORLY,0.2,OREILLY AUTOMOTIVE INC,Consumer Discretionary,early_scout,crisis,0.4,2022-09-30,True
2022-10-24,HUBB,0.35,HUBBELL INC,Industrials,future_winner,caution,0.7,2022-09-30,True
2022-10-24,ORLY,0.35,OREILLY AUTOMOTIVE INC,Consumer Discretionary,early_scout,caution,0.7,2022-09-30,True
2022-10-25,HUBB,0.2,HUBBELL INC,Industrials,future_winner,crisis,0.4,2022-09-30,True
2022-10-25,ORLY,0.2,OREILLY AUTOMOTIVE INC,Consumer Discretionary,early_scout,crisis,0.4,2022-09-30,True
2022-10-26,HUBB,0.35,HUBBELL INC,Industrials,future_winner,caution,0.7,2022-09-30,True
2022-10-26,ORLY,0.35,OREILLY AUTOMOTIVE INC,Consumer Discretionary,early_scout,caution,0.7,2022-09-30,True
2022-10-27,HUBB,0.2,HUBBELL INC,Industrials,future_winner,crisis,0.4,2022-09-30,True
2022-10-27,ORLY,0.2,OREILLY AUTOMOTIVE INC,Consumer Discretionary,early_scout,crisis,0.4,2022-09-30,True
2022-10-28,HUBB,0.35,HUBBELL INC,Industrials,future_winner,caution,0.7,2022-09-30,True
2022-10-28,ORLY,0.35,OREILLY AUTOMOTIVE INC,Consumer Discretionary,early_scout,caution,0.7,2022-09-30,True
2022-10-31,GILD,0.2,GILEAD SCIENCES INC,Health Care,future_winner,crisis,0.4,2022-10-31,True
2022-10-31,FANG,0.19999999999999996,DIAMONDBACK ENERGY INC,Energy,future_winner,crisis,0.4,2022-10-31,True
2022-11-10,GILD,0.35,GILEAD SCIENCES INC,Health Care,future_winner,caution,0.7,2022-10-31,True
2022-11-10,FANG,0.3499999999999999,DIAMONDBACK ENERGY INC,Energy,future_winner,caution,0.7,2022-10-31,True
2022-11-11,GILD,0.2,GILEAD SCIENCES INC,Health Care,future_winner,crisis,0.4,2022-10-31,True
2022-11-11,FANG,0.19999999999999996,DIAMONDBACK ENERGY INC,Energy,future_winner,crisis,0.4,2022-10-31,True
2022-11-15,GILD,0.5,GILEAD SCIENCES INC,Health Care,future_winner,normal,1.0,2022-10-31,True
2022-11-15,FANG,0.4999999999999999,DIAMONDBACK ENERGY INC,Energy,future_winner,normal,1.0,2022-10-31,True
2022-11-16,GILD,0.2,GILEAD SCIENCES INC,Health Care,future_winner,crisis,0.4,2022-10-31,True
2022-11-16,FANG,0.19999999999999996,DIAMONDBACK ENERGY INC,Energy,future_winner,crisis,0.4,2022-10-31,True
2022-11-17,GILD,0.35,GILEAD SCIENCES INC,Health Care,future_winner,caution,0.7,2022-10-31,True
2022-11-17,FANG,0.3499999999999999,DIAMONDBACK ENERGY INC,Energy,future_winner,caution,0.7,2022-10-31,True
2022-11-18,GILD,0.2,GILEAD SCIENCES INC,Health Care,future_winner,crisis,0.4,2022-10-31,True
2022-11-18,FANG,0.19999999999999996,DIAMONDBACK ENERGY INC,Energy,future_winner,crisis,0.4,2022-10-31,True
2022-11-21,GILD,0.35,GILEAD SCIENCES INC,Health Care,future_winner,caution,0.7,2022-10-31,True
2022-11-21,FANG,0.3499999999999999,DIAMONDBACK ENERGY INC,Energy,future_winner,caution,0.7,2022-10-31,True
2022-11-22,GILD,0.2,GILEAD SCIENCES INC,Health Care,future_winner,crisis,0.4,2022-10-31,True
2022-11-22,FANG,0.19999999999999996,DIAMONDBACK ENERGY INC,Energy,future_winner,crisis,0.4,2022-10-31,True
2022-11-23,GILD,0.35,GILEAD SCIENCES INC,Health Care,future_winner,caution,0.7,2022-10-31,True
2022-11-23,FANG,0.3499999999999999,DIAMONDBACK ENERGY INC,Energy,future_winner,caution,0.7,2022-10-31,True
2022-11-25,GILD,0.2,GILEAD SCIENCES INC,Health Care,future_winner,crisis,0.4,2022-10-31,True
2022-11-25,FANG,0.19999999999999996,DIAMONDBACK ENERGY INC,Energy,future_winner,crisis,0.4,2022-10-31,True
2022-11-30,CPRT,0.5,COPART INC,Industrials,early_scout,normal,1.0,2022-11-30,True
2022-11-30,DKS,0.5,DICKS SPORTING INC,Consumer Discretionary,early_scout,normal,1.0,2022-11-30,True
2022-12-01,CPRT,0.2,COPART INC,Industrials,early_scout,crisis,0.4,2022-11-30,True
2022-12-01,DKS,0.2,DICKS SPORTING INC,Consumer Discretionary,early_scout,crisis,0.4,2022-11-30,True
2022-12-02,CPRT,0.5,COPART INC,Industrials,early_scout,normal,1.0,2022-11-30,True
2022-12-02,DKS,0.5,DICKS SPORTING INC,Consumer Discretionary,early_scout,normal,1.0,2022-11-30,True
2022-12-05,CPRT,0.2,COPART INC,Industrials,early_scout,crisis,0.4,2022-11-30,True
2022-12-05,DKS,0.2,DICKS SPORTING INC,Consumer Discretionary,early_scout,crisis,0.4,2022-11-30,True
2022-12-08,CPRT,0.5,COPART INC,Industrials,early_scout,normal,1.0,2022-11-30,True
2022-12-08,DKS,0.5,DICKS SPORTING INC,Consumer Discretionary,early_scout,normal,1.0,2022-11-30,True
2022-12-09,CPRT,0.2,COPART INC,Industrials,early_scout,crisis,0.4,2022-11-30,True
2022-12-09,DKS,0.2,DICKS SPORTING INC,Consumer Discretionary,early_scout,crisis,0.4,2022-11-30,True
2022-12-30,TPR,0.2,TAPESTRY INC,Consumer Discretionary,early_scout,crisis,0.4,2022-12-30,True
2022-12-30,JBL,0.19999999999999996,JABIL INC,Information Technology,early_scout,crisis,0.4,2022-12-30,True
2023-01-11,TPR,0.35,TAPESTRY INC,Consumer Discretionary,early_scout,caution,0.7,2022-12-30,True
2023-01-11,JBL,0.3499999999999999,JABIL INC,Information Technology,early_scout,caution,0.7,2022-12-30,True
2023-01-12,TPR,0.2,TAPESTRY INC,Consumer Discretionary,early_scout,crisis,0.4,2022-12-30,True
2023-01-12,JBL,0.19999999999999996,JABIL INC,Information Technology,early_scout,crisis,0.4,2022-12-30,True
2023-01-13,TPR,0.35,TAPESTRY INC,Consumer Discretionary,early_scout,caution,0.7,2022-12-30,True
2023-01-13,JBL,0.3499999999999999,JABIL INC,Information Technology,early_scout,caution,0.7,2022-12-30,True
2023-01-17,TPR,0.2,TAPESTRY INC,Consumer Discretionary,early_scout,crisis,0.4,2022-12-30,True
2023-01-17,JBL,0.19999999999999996,JABIL INC,Information Technology,early_scout,crisis,0.4,2022-12-30,True
2023-01-18,TPR,0.35,TAPESTRY INC,Consumer Discretionary,early_scout,caution,0.7,2022-12-30,True
2023-01-18,JBL,0.3499999999999999,JABIL INC,Information Technology,early_scout,caution,0.7,2022-12-30,True
2023-01-19,TPR,0.2,TAPESTRY INC,Consumer Discretionary,early_scout,crisis,0.4,2022-12-30,True
2023-01-19,JBL,0.19999999999999996,JABIL INC,Information Technology,early_scout,crisis,0.4,2022-12-30,True
2023-01-20,TPR,0.35,TAPESTRY INC,Consumer Discretionary,early_scout,caution,0.7,2022-12-30,True
2023-01-20,JBL,0.3499999999999999,JABIL INC,Information Technology,early_scout,caution,0.7,2022-12-30,True
2023-01-23,TPR,0.2,TAPESTRY INC,Consumer Discretionary,early_scout,crisis,0.4,2022-12-30,True
2023-01-23,JBL,0.19999999999999996,JABIL INC,Information Technology,early_scout,crisis,0.4,2022-12-30,True
2023-01-24,TPR,0.5,TAPESTRY INC,Consumer Discretionary,early_scout,normal,1.0,2022-12-30,True
2023-01-24,JBL,0.4999999999999999,JABIL INC,Information Technology,early_scout,normal,1.0,2022-12-30,True
2023-01-25,TPR,0.2,TAPESTRY INC,Consumer Discretionary,early_scout,crisis,0.4,2022-12-30,True
2023-01-25,JBL,0.19999999999999996,JABIL INC,Information Technology,early_scout,crisis,0.4,2022-12-30,True
2023-01-26,TPR,0.5,TAPESTRY INC,Consumer Discretionary,early_scout,normal,1.0,2022-12-30,True
2023-01-26,JBL,0.4999999999999999,JABIL INC,Information Technology,early_scout,normal,1.0,2022-12-30,True
2023-01-30,TPR,0.2,TAPESTRY INC,Consumer Discretionary,early_scout,crisis,0.4,2022-12-30,True
2023-01-30,JBL,0.19999999999999996,JABIL INC,Information Technology,early_scout,crisis,0.4,2022-12-30,True
2023-01-31,BEN,0.5,FRANKLIN RESOURCES INC,Financials,early_scout,normal,1.0,2023-01-31,True
2023-01-31,TPR,0.5,TAPESTRY INC,Consumer Discretionary,early_scout,normal,1.0,2023-01-31,True
2023-02-28,BKNG,0.5,BOOKING HOLDINGS INC,Consumer Discretionary,early_scout,normal,1.0,2023-02-28,True
2023-02-28,MGM,0.5,MGM RESORTS INTERNATIONAL,Consumer Discretionary,early_scout,normal,1.0,2023-02-28,True
2023-03-10,BKNG,0.2,BOOKING HOLDINGS INC,Consumer Discretionary,early_scout,crisis,0.4,2023-02-28,True
2023-03-10,MGM,0.2,MGM RESORTS INTERNATIONAL,Consumer Discretionary,early_scout,crisis,0.4,2023-02-28,True
2023-03-16,BKNG,0.35,BOOKING HOLDINGS INC,Consumer Discretionary,early_scout,caution,0.7,2023-02-28,True
2023-03-16,MGM,0.35,MGM RESORTS INTERNATIONAL,Consumer Discretionary,early_scout,caution,0.7,2023-02-28,True
2023-03-21,BKNG,0.5,BOOKING HOLDINGS INC,Consumer Discretionary,early_scout,normal,1.0,2023-02-28,True
2023-03-21,MGM,0.5,MGM RESORTS INTERNATIONAL,Consumer Discretionary,early_scout,normal,1.0,2023-02-28,True
2023-03-31,ADI,0.5,ANALOG DEVICES INC,Information Technology,future_winner,normal,1.0,2023-03-31,True
2023-03-31,BKNG,0.5,BOOKING HOLDINGS INC,Consumer Discretionary,early_scout,normal,1.0,2023-03-31,True
2023-04-28,BKNG,0.5,BOOKING HOLDINGS INC,Consumer Discretionary,early_scout,normal,1.0,2023-04-28,True
2023-04-28,ORLY,0.5,OREILLY AUTOMOTIVE INC,Consumer Discretionary,early_scout,normal,1.0,2023-04-28,True
2023-05-31,AAPL,0.5,APPLE INC,Information Technology,core_compounder,normal,1.0,2023-05-31,True
2023-05-31,NOW,0.5,SERVICENOW INC,Information Technology,early_scout,normal,1.0,2023-05-31,True
2023-06-30,ALSN,0.5,ALLISON TRANSMISSION HOLDINGS INC,Industrials,early_scout,normal,1.0,2023-06-30,True
2023-06-30,OC,0.5,OWENS CORNING,Industrials,early_scout,normal,1.0,2023-06-30,True
2023-07-31,CARR,0.5,CARRIER GLOBAL CORP,Industrials,future_winner,normal,1.0,2023-07-31,True
2023-07-31,ON,0.5,ON SEMICONDUCTOR CORP,Information Technology,future_winner,normal,1.0,2023-07-31,True
2023-08-09,CARR,0.35,CARRIER GLOBAL CORP,Industrials,future_winner,caution,0.7,2023-07-31,True
2023-08-09,ON,0.35,ON SEMICONDUCTOR CORP,Information Technology,future_winner,caution,0.7,2023-07-31,True
2023-08-30,CARR,0.5,CARRIER GLOBAL CORP,Industrials,future_winner,normal,1.0,2023-07-31,True
2023-08-30,ON,0.5,ON SEMICONDUCTOR CORP,Information Technology,future_winner,normal,1.0,2023-07-31,True
2023-08-31,EXE,0.5,EXPAND ENERGY CORP,Energy,early_scout,normal,1.0,2023-08-31,True
2023-08-31,FANG,0.5,DIAMONDBACK ENERGY INC,Energy,future_winner,normal,1.0,2023-08-31,True
2023-09-07,EXE,0.35,EXPAND ENERGY CORP,Energy,early_scout,caution,0.7,2023-08-31,True
2023-09-07,FANG,0.35,DIAMONDBACK ENERGY INC,Energy,future_winner,caution,0.7,2023-08-31,True
2023-09-08,EXE,0.5,EXPAND ENERGY CORP,Energy,early_scout,normal,1.0,2023-08-31,True
2023-09-08,FANG,0.5,DIAMONDBACK ENERGY INC,Energy,future_winner,normal,1.0,2023-08-31,True
2023-09-15,EXE,0.35,EXPAND ENERGY CORP,Energy,early_scout,caution,0.7,2023-08-31,True
2023-09-15,FANG,0.35,DIAMONDBACK ENERGY INC,Energy,future_winner,caution,0.7,2023-08-31,True
2023-09-29,DTM,0.35,DT MIDSTREAM INC,Energy,early_scout,caution,0.7,2023-09-29,True
2023-09-29,FANG,0.35,DIAMONDBACK ENERGY INC,Energy,future_winner,caution,0.7,2023-09-29,True
2023-10-10,DTM,0.5,DT MIDSTREAM INC,Energy,early_scout,normal,1.0,2023-09-29,True
2023-10-10,FANG,0.5,DIAMONDBACK ENERGY INC,Energy,future_winner,normal,1.0,2023-09-29,True
2023-10-13,DTM,0.35,DT MIDSTREAM INC,Energy,early_scout,caution,0.7,2023-09-29,True
2023-10-13,FANG,0.35,DIAMONDBACK ENERGY INC,Energy,future_winner,caution,0.7,2023-09-29,True
2023-10-17,DTM,0.5,DT MIDSTREAM INC,Energy,early_scout,normal,1.0,2023-09-29,True
2023-10-17,FANG,0.5,DIAMONDBACK ENERGY INC,Energy,future_winner,normal,1.0,2023-09-29,True
2023-10-18,DTM,0.35,DT MIDSTREAM INC,Energy,early_scout,caution,0.7,2023-09-29,True
2023-10-18,FANG,0.35,DIAMONDBACK ENERGY INC,Energy,future_winner,caution,0.7,2023-09-29,True
2023-10-31,CHRD,0.35,CHORD ENERGY CORP,Energy,early_scout,caution,0.7,2023-10-31,True
2023-10-31,AIZ,0.3499999999999999,ASSURANT INC,Financials,early_scout,caution,0.7,2023-10-31,True
2023-11-03,CHRD,0.5,CHORD ENERGY CORP,Energy,early_scout,normal,1.0,2023-10-31,True
2023-11-03,AIZ,0.4999999999999999,ASSURANT INC,Financials,early_scout,normal,1.0,2023-10-31,True
2023-11-30,AIZ,0.5,ASSURANT INC,Financials,early_scout,normal,1.0,2023-11-30,True
2023-11-30,CTAS,0.5,CINTAS CORP,Industrials,early_scout,normal,1.0,2023-11-30,True
2023-12-29,CTAS,0.5,CINTAS CORP,Industrials,early_scout,normal,1.0,2023-12-29,True
2023-12-29,DKS,0.5,DICKS SPORTING INC,Consumer Discretionary,early_scout,normal,1.0,2023-12-29,True
2024-01-31,DKS,0.5,DICKS SPORTING INC,Consumer Discretionary,early_scout,normal,1.0,2024-01-31,True
2024-01-31,FICO,0.5,FAIR ISAAC CORP,Information Technology,future_winner,normal,1.0,2024-01-31,True
2024-02-29,AWI,0.5,ARMSTRONG WORLD INDUSTRIES INC,Industrials,early_scout,normal,1.0,2024-02-29,True
2024-02-29,MLI,0.5,MUELLER INDUSTRIES INC,Industrials,early_scout,normal,1.0,2024-02-29,True
2024-03-28,FANG,0.5,DIAMONDBACK ENERGY INC,Energy,future_winner,normal,1.0,2024-03-28,True
2024-03-28,STLD,0.4999999999999999,STEEL DYNAMICS INC,Materials,early_scout,normal,1.0,2024-03-28,True
2024-04-04,FANG,0.35,DIAMONDBACK ENERGY INC,Energy,future_winner,caution,0.7,2024-03-28,True
2024-04-04,STLD,0.3499999999999999,STEEL DYNAMICS INC,Materials,early_scout,caution,0.7,2024-03-28,True
2024-04-30,CMG,0.35,CHIPOTLE MEXICAN GRILL INC,Consumer Discretionary,early_scout,caution,0.7,2024-04-30,True
2024-04-30,FANG,0.35,DIAMONDBACK ENERGY INC,Energy,future_winner,caution,0.7,2024-04-30,True
2024-05-03,CMG,0.5,CHIPOTLE MEXICAN GRILL INC,Consumer Discretionary,early_scout,normal,1.0,2024-04-30,True
2024-05-03,FANG,0.5,DIAMONDBACK ENERGY INC,Energy,future_winner,normal,1.0,2024-04-30,True
2024-05-31,FSLR,0.5,FIRST SOLAR INC,Information Technology,future_winner,normal,1.0,2024-05-31,True
2024-05-31,PEG,0.5,PUBLIC SERVICE ENTERPRISE GROUP IN,Utilities,early_scout,normal,1.0,2024-05-31,True
2024-06-28,HALO,0.5,HALOZYME THERAPEUTICS INC,Health Care,early_scout,normal,1.0,2024-06-28,True
2024-06-28,UTHR,0.5,UNITED THERAPEUTICS CORP,Health Care,early_scout,normal,1.0,2024-06-28,True
2024-07-24,HALO,0.35,HALOZYME THERAPEUTICS INC,Health Care,early_scout,caution,0.7,2024-06-28,True
2024-07-24,UTHR,0.35,UNITED THERAPEUTICS CORP,Health Care,early_scout,caution,0.7,2024-06-28,True
2024-07-31,HALO,0.35,HALOZYME THERAPEUTICS INC,Health Care,early_scout,caution,0.7,2024-07-31,True
2024-07-31,UTHR,0.35,UNITED THERAPEUTICS CORP,Health Care,early_scout,caution,0.7,2024-07-31,True
2024-08-15,HALO,0.5,HALOZYME THERAPEUTICS INC,Health Care,early_scout,normal,1.0,2024-07-31,True
2024-08-15,UTHR,0.5,UNITED THERAPEUTICS CORP,Health Care,early_scout,normal,1.0,2024-07-31,True
2024-08-28,HALO,0.35,HALOZYME THERAPEUTICS INC,Health Care,early_scout,caution,0.7,2024-07-31,True
2024-08-28,UTHR,0.35,UNITED THERAPEUTICS CORP,Health Care,early_scout,caution,0.7,2024-07-31,True
2024-08-30,HALO,0.35,HALOZYME THERAPEUTICS INC,Health Care,early_scout,caution,0.7,2024-08-30,True
2024-08-30,UTHR,0.35,UNITED THERAPEUTICS CORP,Health Care,future_winner,caution,0.7,2024-08-30,True
2024-09-19,HALO,0.5,HALOZYME THERAPEUTICS INC,Health Care,early_scout,normal,1.0,2024-08-30,True
2024-09-19,UTHR,0.5,UNITED THERAPEUTICS CORP,Health Care,future_winner,normal,1.0,2024-08-30,True
2024-09-30,AEE,0.5,AMEREN CORP,Utilities,early_scout,normal,1.0,2024-09-30,True
2024-09-30,PEG,0.5,PUBLIC SERVICE ENTERPRISE GROUP IN,Utilities,future_winner,normal,1.0,2024-09-30,True
2024-10-31,KIM,0.5,KIMCO REALTY REIT CORP,Real Estate,early_scout,normal,1.0,2024-10-31,True
2024-10-31,PANW,0.5,PALO ALTO NETWORKS INC,Information Technology,future_winner,normal,1.0,2024-10-31,True
2024-11-29,AEE,0.5,AMEREN CORP,Utilities,early_scout,normal,1.0,2024-11-29,True
2024-11-29,APO,0.5,APOLLO GLOBAL MANAGEMENT INC,Financials,future_winner,normal,1.0,2024-11-29,True
2024-12-31,BR,0.5,BROADRIDGE FINANCIAL SOLUTIONS INC,Industrials,future_winner,normal,1.0,2024-12-31,True
2024-12-31,TPR,0.5,TAPESTRY INC,Consumer Discretionary,future_winner,normal,1.0,2024-12-31,True
2025-01-10,BR,0.35,BROADRIDGE FINANCIAL SOLUTIONS INC,Industrials,future_winner,caution,0.7,2024-12-31,True
2025-01-10,TPR,0.35,TAPESTRY INC,Consumer Discretionary,future_winner,caution,0.7,2024-12-31,True
2025-01-23,BR,0.5,BROADRIDGE FINANCIAL SOLUTIONS INC,Industrials,future_winner,normal,1.0,2024-12-31,True
2025-01-23,TPR,0.5,TAPESTRY INC,Consumer Discretionary,future_winner,normal,1.0,2024-12-31,True
2025-01-27,BR,0.35,BROADRIDGE FINANCIAL SOLUTIONS INC,Industrials,future_winner,caution,0.7,2024-12-31,True
2025-01-27,TPR,0.35,TAPESTRY INC,Consumer Discretionary,future_winner,caution,0.7,2024-12-31,True
2025-01-28,BR,0.5,BROADRIDGE FINANCIAL SOLUTIONS INC,Industrials,future_winner,normal,1.0,2024-12-31,True
2025-01-28,TPR,0.5,TAPESTRY INC,Consumer Discretionary,future_winner,normal,1.0,2024-12-31,True
2025-01-31,GRMN,0.5,GARMIN LTD,Consumer Discretionary,future_winner,normal,1.0,2025-01-31,True
2025-01-31,TPR,0.5,TAPESTRY INC,Consumer Discretionary,future_winner,normal,1.0,2025-01-31,True
2025-02-03,GRMN,0.35,GARMIN LTD,Consumer Discretionary,future_winner,caution,0.7,2025-01-31,True
2025-02-03,TPR,0.35,TAPESTRY INC,Consumer Discretionary,future_winner,caution,0.7,2025-01-31,True
2025-02-14,GRMN,0.5,GARMIN LTD,Consumer Discretionary,future_winner,normal,1.0,2025-01-31,True
2025-02-14,TPR,0.5,TAPESTRY INC,Consumer Discretionary,future_winner,normal,1.0,2025-01-31,True
2025-02-24,GRMN,0.35,GARMIN LTD,Consumer Discretionary,future_winner,caution,0.7,2025-01-31,True
2025-02-24,TPR,0.35,TAPESTRY INC,Consumer Discretionary,future_winner,caution,0.7,2025-01-31,True
2025-02-28,ORLY,0.35,OREILLY AUTOMOTIVE INC,Consumer Discretionary,early_scout,caution,0.7,2025-02-28,True
2025-02-28,WH,0.35,WYNDHAM HOTELS RESORTS INC,Consumer Discretionary,early_scout,caution,0.7,2025-02-28,True
2025-03-06,ORLY,0.2,OREILLY AUTOMOTIVE INC,Consumer Discretionary,early_scout,crisis,0.4,2025-02-28,True
2025-03-06,WH,0.2,WYNDHAM HOTELS RESORTS INC,Consumer Discretionary,early_scout,crisis,0.4,2025-02-28,True
2025-03-24,ORLY,0.35,OREILLY AUTOMOTIVE INC,Consumer Discretionary,early_scout,caution,0.7,2025-02-28,True
2025-03-24,WH,0.35,WYNDHAM HOTELS RESORTS INC,Consumer Discretionary,early_scout,caution,0.7,2025-02-28,True
2025-03-25,ORLY,0.5,OREILLY AUTOMOTIVE INC,Consumer Discretionary,early_scout,normal,1.0,2025-02-28,True
2025-03-25,WH,0.5,WYNDHAM HOTELS RESORTS INC,Consumer Discretionary,early_scout,normal,1.0,2025-02-28,True
2025-03-26,ORLY,0.2,OREILLY AUTOMOTIVE INC,Consumer Discretionary,early_scout,crisis,0.4,2025-02-28,True
2025-03-26,WH,0.2,WYNDHAM HOTELS RESORTS INC,Consumer Discretionary,early_scout,crisis,0.4,2025-02-28,True
2025-03-31,AM,0.2,ANTERO MIDSTREAM CORP,Energy,early_scout,crisis,0.4,2025-03-31,True
2025-03-31,ORLY,0.2,OREILLY AUTOMOTIVE INC,Consumer Discretionary,early_scout,crisis,0.4,2025-03-31,True
2025-04-23,AM,0.35,ANTERO MIDSTREAM CORP,Energy,early_scout,caution,0.7,2025-03-31,True
2025-04-23,ORLY,0.35,OREILLY AUTOMOTIVE INC,Consumer Discretionary,early_scout,caution,0.7,2025-03-31,True
2025-04-24,AM,0.2,ANTERO MIDSTREAM CORP,Energy,early_scout,crisis,0.4,2025-03-31,True
2025-04-24,ORLY,0.2,OREILLY AUTOMOTIVE INC,Consumer Discretionary,early_scout,crisis,0.4,2025-03-31,True
2025-04-25,AM,0.35,ANTERO MIDSTREAM CORP,Energy,early_scout,caution,0.7,2025-03-31,True
2025-04-25,ORLY,0.35,OREILLY AUTOMOTIVE INC,Consumer Discretionary,early_scout,caution,0.7,2025-03-31,True
2025-04-28,AM,0.2,ANTERO MIDSTREAM CORP,Energy,early_scout,crisis,0.4,2025-03-31,True
2025-04-28,ORLY,0.2,OREILLY AUTOMOTIVE INC,Consumer Discretionary,early_scout,crisis,0.4,2025-03-31,True
2025-04-29,AM,0.35,ANTERO MIDSTREAM CORP,Energy,early_scout,caution,0.7,2025-03-31,True
2025-04-29,ORLY,0.35,OREILLY AUTOMOTIVE INC,Consumer Discretionary,early_scout,caution,0.7,2025-03-31,True
2025-04-30,RGLD,0.2,ROYAL GOLD INC,Materials,early_scout,crisis,0.4,2025-04-30,True
2025-04-30,RSG,0.2,REPUBLIC SERVICES INC,Industrials,future_winner,crisis,0.4,2025-04-30,True
2025-05-01,RGLD,0.35,ROYAL GOLD INC,Materials,early_scout,caution,0.7,2025-04-30,True
2025-05-01,RSG,0.35,REPUBLIC SERVICES INC,Industrials,future_winner,caution,0.7,2025-04-30,True
2025-05-02,RGLD,0.2,ROYAL GOLD INC,Materials,early_scout,crisis,0.4,2025-04-30,True
2025-05-02,RSG,0.2,REPUBLIC SERVICES INC,Industrials,future_winner,crisis,0.4,2025-04-30,True
2025-05-05,RGLD,0.5,ROYAL GOLD INC,Materials,early_scout,normal,1.0,2025-04-30,True
2025-05-05,RSG,0.5,REPUBLIC SERVICES INC,Industrials,future_winner,normal,1.0,2025-04-30,True
2025-05-06,RGLD,0.2,ROYAL GOLD INC,Materials,early_scout,crisis,0.4,2025-04-30,True
2025-05-06,RSG,0.2,REPUBLIC SERVICES INC,Industrials,future_winner,crisis,0.4,2025-04-30,True
2025-05-07,RGLD,0.5,ROYAL GOLD INC,Materials,early_scout,normal,1.0,2025-04-30,True
2025-05-07,RSG,0.5,REPUBLIC SERVICES INC,Industrials,future_winner,normal,1.0,2025-04-30,True
2025-05-08,RGLD,0.2,ROYAL GOLD INC,Materials,early_scout,crisis,0.4,2025-04-30,True
2025-05-08,RSG,0.2,REPUBLIC SERVICES INC,Industrials,future_winner,crisis,0.4,2025-04-30,True
2025-05-09,RGLD,0.5,ROYAL GOLD INC,Materials,early_scout,normal,1.0,2025-04-30,True
2025-05-09,RSG,0.5,REPUBLIC SERVICES INC,Industrials,future_winner,normal,1.0,2025-04-30,True
2025-05-30,CEG,0.5,CONSTELLATION ENERGY CORP,Utilities,future_winner,normal,1.0,2025-05-30,True
2025-05-30,MELI,0.5,MercadoLibre,Internet,future_winner,normal,1.0,2025-05-30,True
2025-06-30,BKNG,0.5,BOOKING HOLDINGS INC,Consumer Discretionary,future_winner,normal,1.0,2025-06-30,True
2025-06-30,CEG,0.5,CONSTELLATION ENERGY CORP,Utilities,future_winner,normal,1.0,2025-06-30,True
2025-07-31,HEI,0.5,HEICO CORP,Industrials,future_winner,normal,1.0,2025-07-31,True
2025-07-31,TNL,0.5,TRAVEL LEISURE,Consumer Discretionary,early_scout,normal,1.0,2025-07-31,True
2025-08-29,PDD,0.5,PDD Holdings (Pinduoduo / Temu),Internet,future_winner,normal,1.0,2025-08-29,True
2025-08-29,TNL,0.5,TRAVEL LEISURE,Consumer Discretionary,early_scout,normal,1.0,2025-08-29,True
2025-09-30,PDD,0.5,PDD Holdings (Pinduoduo / Temu),Internet,future_winner,normal,1.0,2025-09-30,True
2025-09-30,PPL,0.5,PPL CORP,Utilities,early_scout,normal,1.0,2025-09-30,True
2025-10-31,GOOG,0.5,ALPHABET INC CLASS C,Communication,future_winner,normal,1.0,2025-10-31,True
2025-10-31,GOOGL,0.5,ALPHABET INC CLASS A,Communication,future_winner,normal,1.0,2025-10-31,True
2025-11-17,GOOG,0.35,ALPHABET INC CLASS C,Communication,future_winner,caution,0.7,2025-10-31,True
2025-11-17,GOOGL,0.35,ALPHABET INC CLASS A,Communication,future_winner,caution,0.7,2025-10-31,True
2025-11-28,GOOG,0.35,ALPHABET INC CLASS C,Communication,core_compounder,caution,0.7,2025-11-28,True
2025-11-28,GOOGL,0.35,ALPHABET INC CLASS A,Communication,core_compounder,caution,0.7,2025-11-28,True
2025-12-02,GOOG,0.5,ALPHABET INC CLASS C,Communication,core_compounder,normal,1.0,2025-11-28,True
2025-12-02,GOOGL,0.5,ALPHABET INC CLASS A,Communication,core_compounder,normal,1.0,2025-11-28,True
2025-12-15,GOOG,0.35,ALPHABET INC CLASS C,Communication,core_compounder,caution,0.7,2025-11-28,True
2025-12-15,GOOGL,0.35,ALPHABET INC CLASS A,Communication,core_compounder,caution,0.7,2025-11-28,True
2025-12-31,GOOG,0.35,ALPHABET INC CLASS C,Communication,core_compounder,caution,0.7,2025-12-31,True
2025-12-31,GOOGL,0.35,ALPHABET INC CLASS A,Communication,core_compounder,caution,0.7,2025-12-31,True
2026-01-30,CNQ,0.35,Canadian Natural Resources,Energy,future_winner,caution,0.7,2026-01-30,True
2026-01-30,PBA,0.35,Pembina Pipeline,Energy,early_scout,caution,0.7,2026-01-30,True
2026-02-27,PR,0.35,PERMIAN RESOURCES CORP CLASS A,Energy,early_scout,caution,0.7,2026-02-27,True
2026-02-27,TRGP,0.35,TARGA RESOURCES CORP,Energy,future_winner,caution,0.7,2026-02-27,True
2026-03-20,PR,0.2,PERMIAN RESOURCES CORP CLASS A,Energy,early_scout,crisis,0.4,2026-02-27,True
2026-03-20,TRGP,0.2,TARGA RESOURCES CORP,Energy,future_winner,crisis,0.4,2026-02-27,True
2026-03-31,CNQ,0.2,Canadian Natural Resources,Energy,future_winner,crisis,0.4,2026-03-31,True
2026-03-31,LNG,0.2,CHENIERE ENERGY INC,Energy,future_winner,crisis,0.4,2026-03-31,True
2026-04-08,CNQ,0.35,Canadian Natural Resources,Energy,future_winner,caution,0.7,2026-03-31,True
2026-04-08,LNG,0.35,CHENIERE ENERGY INC,Energy,future_winner,caution,0.7,2026-03-31,True
2026-04-09,CNQ,0.5,Canadian Natural Resources,Energy,future_winner,normal,1.0,2026-03-31,True
2026-04-09,LNG,0.5,CHENIERE ENERGY INC,Energy,future_winner,normal,1.0,2026-03-31,True
