ticker,pnl_usd,contribution_return_on_start,positive_contribution_share
SNDK,471735.38342285156,4.665864418473462,0.4047242626653533
WDC,193999.670211792,1.9188218442910598,0.16644156076248606
FTAI,61463.452880859375,0.6079258582480754,0.05273242483440023
CIEN,54183.32140350342,0.5359191620881741,0.04648645315659077
BE,53927.15118408197,0.5333854206011599,0.046266672519361715
PLTR,44366.22580718994,0.43881973167607613,0.03806389907997242
ACLS,39897.178802490234,0.3946170533600792,0.03422969071368459
LRCX,27160.8385848999,0.26864380918314346,0.023302577580432964
CROX,25277.598846435547,0.25001696541450524,0.021686856476279815
ELF,25003.849639892578,0.24730935278403768,0.0214519939883964
SQM,17697.075073242188,0.1750391337960731,0.01518316393479249
TSCO,16376.828735351562,0.16198077390183127,0.014050461694476437
AVGO,15398.173107147217,0.15230103684152185,0.013210826400099419
ROKU,13143.189636230469,0.12999733118167933,0.011276168635046279
AMD,12584.051551818848,0.12446697966524224,0.010796457430642592
TLN,10650.420501708984,0.10534172293826075,0.009137503219185751
P,8425.855133056655,0.08333887819752764,0.0072289425934256605
TEAM,6805.44168090821,0.06731161008222067,0.0058387126834383105
CHRW,6075.073089599609,0.06008764312466319,0.00521209466838401
ZS,6020.402832031235,0.05954690774949121,0.005165190449490064
TSLA,5731.105617523193,0.05668551208791835,0.004916988584742608
BKR,5360.4233322143555,0.053019148812321934,0.00459896258992286
EXEL,5002.92032623291,0.049483139825667384,0.004292243726803807
RH,4622.349868774414,0.045718974112055694,0.003965734197945674
CPRT,4585.330230712891,0.04535281838559156,0.0039339732865426
ENPH,4058.4395446777344,0.04014142108365786,0.003481928661728707
INTU,3727.752227783203,0.036870642083907494,0.003198216255990096
SE,3051.959457397459,0.030186476442726325,0.002618421438131841
PCTY,2777.939208984375,0.027476182977489657,0.0023833264105134607
MRNA,2765.7301177978516,0.027355424674951993,0.0023728516494463
NTNX,2170.8598861694336,0.021471651812240655,0.001862484133381537
MOS,1438.1215972900386,0.014224246528946648,0.001233833041870007
ARES,1323.576919555664,0.013091302181443124,0.001135559705021899
ANET,1225.134967803955,0.012117627498338718,0.0010511016640563022
SHOP,961.9240398407019,0.009514247411761066,0.0008252804674938594
PWR,901.9701538085938,0.008921252454383282,0.000773843171986778
HEI,857.559814453125,0.008481996402171331,0.0007357414257918168
SAN,815.8241367340052,0.008069195029847806,0.0006999343992568398
BWA,719.53857421875,0.007116848871514523,0.0006173264273647367
ALGN,616.9501647949219,0.0061021621931371135,0.0005293109427919953
HII,490.8787536621103,0.004855208642349407,0.00042114827213608004
UTHR,470.0509643554651,0.0046492040803506555,0.00040327911928831646
TPG,284.4852828979492,0.0028138015626932057,0.00024407347934045067
KBR,276.8337097167969,0.002738120991962553,0.00023750883012651624
MUSA,261.0258483886719,0.0025817677899451696,0.00022394651268083356
EXE,248.1487274169922,0.0024544021042970316,0.0002128986170307335
TREX,169.06019592285156,0.0016721492185154034,0.00014504479745502542
SSD,157.55873107910156,0.001558389942742203,0.00013517714274427915
COF,112.6175079345685,0.0011138829980409774,9.661992605115211e-05
FDS,101.8646850585942,0.0010075284284703848,8.739456695582031e-05
CARR,66.80760192871094,0.0006607840405376119,5.7317424940331865e-05
PDD,26.36016845703125,0.00026072450019798676,2.2615644527439262e-05
GGG,-1.8897972106933594,-1.869170274980354e-05,0.0
CHRD,-22.490936279296875,-0.00022245450100074425,0.0
RRX,-40.2110595703125,-0.00039772160128607667,0.0
AFG,-41.198974609375,-0.0004074929218001131,0.0
DPZ,-54.124908447265625,-0.0005353414082378902,0.0
LOW,-81.20674133300804,-0.000803203783817557,0.0
CW,-100.27735900878906,-0.0009918284229237092,0.0
SMG,-115.3029556274414,-0.001140444361208039,0.0
MRVL,-129.26138305664062,-0.0012785050879807124,0.0
SAIA,-221.94044494628906,-0.0021951798857683382,0.0
PANW,-227.1997833251953,-0.0022471992183628027,0.0
GEN,-317.05543518066406,-0.0031359480880132308,0.0
PLNT,-382.6300506591797,-0.003784536843209549,0.0
CHE,-390.1547241210974,-0.003858962267717344,0.0
RGLD,-477.007431030273,-0.004718009456154293,0.0
WSM,-518.7493820190411,-0.005130872876453585,0.0
DAL,-572.3030319213867,-0.005660564051505337,0.0
JBL,-626.9435806274414,-0.006201005580744877,0.0
BRKR,-730.1620330810547,-0.007221923920893028,0.0
TXRH,-788.3473968505896,-0.007797426687970509,0.0
UI,-830.919754028324,-0.008218503532206468,0.0
MSI,-878.7612304687464,-0.008691696450301638,0.0
PODD,-1040.9795227050772,-0.010296173418467858,0.0
WMS,-1073.1014709472656,-0.010613886824377305,0.0
DKS,-1123.769386291504,-0.011115035628708133,0.0
HUBS,-1146.0397949218714,-0.011335308923578095,0.0
BLDR,-1238.1699295043945,-0.012246554363126657,0.0
AMAT,-1475.5744934082031,-0.014594687546320758,0.0
THC,-1497.2196960449219,-0.01480877702182399,0.0
NET,-1818.0366821289062,-0.017981930049586984,0.0
LI,-1818.4600639343262,-0.01798611765596708,0.0
CTAS,-1929.010971069336,-0.01907956021329342,0.0
ON,-1993.4094314575195,-0.019716515793664548,0.0
FANG,-2711.268814086914,-0.026816756031262903,0.0
DRS,-2760.558723449707,-0.02730427518366765,0.0
RKLB,-2869.25984954834,-0.028379421832264457,0.0
RBRK,-2882.6004333496094,-0.028511371559733198,0.0
FTNT,-3419.1443481445312,-0.03381824750960457,0.0
LOPE,-3885.08002471924,-0.03842674789143534,0.0
APP,-3890.6011962890625,-0.038481356977124445,0.0
WBD,-3900.800323486328,-0.03858223502520283,0.0
RGEN,-4603.9013671875,-0.045536502730528276,0.0
VST,-4677.37178802491,-0.04626318772055002,0.0
SN,-4703.2710037231445,-0.04651935300566378,0.0
AMKR,-4907.975631713867,-0.04854405599297947,0.0
BLD,-4926.069488525387,-0.04872301963585327,0.0
INTC,-5039.548400878906,-0.049845422656706904,0.0
FUTU,-5406.449081420895,-0.05347438264277615,0.0
WCC,-6250.767822265624,-0.06182541355797569,0.0
UBER,-6562.839111328125,-0.0649120641990591,0.0
ETSY,-6623.250282287594,-0.06550958209354665,0.0
NOW,-7116.047592163086,-0.07038376688965817,0.0
WAL,-7257.3665771484375,-0.0717815319224899,0.0
FSLR,-8223.239044189446,-0.0813348326396214,0.0
NTLA,-8425.900024414062,-0.08333932221125777,0.0
KVUE,-9505.634706497192,-0.0940188171390478,0.0
SFM,-10090.78010559082,-0.09980640313154716,0.0
DXCM,-11373.861930847164,-0.11249717436650294,0.0
RUN,-11504.520057678223,-0.11378949443912927,0.0
MLI,-11669.882568359375,-0.11542507040364203,0.0
MA,-12456.716705322266,-0.12320752966344405,0.0
VKTX,-12457.040466308594,-0.12321073193513975,0.0
BEAM,-13728.002014160164,-0.13578162331144547,0.0
CRS,-14124.19009399414,-0.1397002606019276,0.0
STLD,-14367.6410446167,-0.14210819769562477,0.0
CELH,-14654.059516906738,-0.14494112014667127,0.0
ORLY,-15021.063003540039,-0.14857109697247803,0.0
NVDA,-15509.223098754883,-0.15339941576903499,0.0
LSCC,-15645.658077239994,-0.15474887382098326,0.0
AXON,-16158.66162109375,-0.15982291546791322,0.0
TPL,-16547.55407714844,-0.16366939283018447,0.0
MU,-16829.768920898438,-0.1664607378174182,0.0
QRVO,-17201.450271606445,-0.17013698270007976,0.0
BROS,-17883.838760375977,-0.17688638560944692,0.0
ONTO,-19165.489753723145,-0.18956300469909318,0.0
ATI,-19223.007774353027,-0.1901319068745686,0.0
CRUS,-20191.410369873047,-0.19971023271565566,0.0
TPR,-21420.508995056156,-0.21186706415879544,0.0
VRT,-23211.403610229492,-0.22958053606658918,0.0
PENN,-23502.949924468994,-0.23246417723863122,0.0
HALO,-23614.380584716793,-0.23356632130296817,0.0
CORT,-26306.457607269298,-0.2601932541825365,0.0
NRG,-27086.413192749023,-0.267907678714091,0.0
XPO,-27432.010204315186,-0.2713259272832298,0.0
KKR,-28885.160766601562,-0.2856988230665828,0.0
ZM,-29387.320068359375,-0.2906656059300532,0.0
DDOG,-30822.611129760742,-0.3048618560500972,0.0
LPX,-34015.30506134033,-0.336440316216356,0.0
ALNY,-36173.06213378906,-0.35778237004958197,0.0
INSM,-38935.23797225952,-0.3851026398770713,0.0
DOCU,-40840.5397644043,-0.4039476961328013,0.0
UAL,-46449.18006134033,-0.4594219219744379,0.0
SMCI,-47382.48294067383,-0.46865308175037856,0.0
LITE,-47476.68914794923,-0.4695848613157279,0.0
GEV,-50285.96112060547,-0.49737095199208087,0.0
BILL,-55759.17120361328,-0.5515056577583545,0.0
ALAB,-65761.98306274414,-0.6504419800659133,0.0
TER,-87229.5224609375,-0.8627742149375607,0.0
