ticker,side,quantity,fill_price,gross_value,fee_usd,cash_delta,cash_after,shares_after,date,signal_date,reason,target_weight,fill_mode
PAYC,BUY,109.0,192.3712158203125,20968.462524414062,52.421156311035155,-21020.8836807251,78979.11631927491,109.0,2019-06-03,2019-05-31,target_rebalance,0.2100701923811051,next_close
HEI,BUY,277.0,121.46788787841797,33646.60494232178,84.11651235580445,-33730.72145467758,45248.39486459733,277.0,2019-06-03,2019-05-31,target_rebalance,0.3371238955647844,next_close
SHOP,BUY,1698.0,26.5,44997.0,112.4925,-45109.4925,138.90236459732841,1698.0,2019-06-03,2019-05-31,target_rebalance,0.45,next_close
PAYC,SELL,3.0,221.2843780517578,663.8531341552734,1.6596328353881837,662.1935013198853,801.0958659172137,106.0,2019-07-01,2019-06-28,target_rebalance,0.2072310171406801,next_close
SHOP,SELL,457.0,30.468000411987305,13923.876188278198,34.80969047069549,13889.066497807502,14690.162363724716,1241.0,2019-07-01,2019-06-28,target_rebalance,0.3359186549966495,next_close
HEI,BUY,107.0,131.71240234375,14093.22705078125,35.23306762695312,-14128.460118408204,561.7022453165118,384.0,2019-07-01,2019-06-28,target_rebalance,0.45,next_close
SHOP,SELL,96.0,34.138999938964844,3277.343994140625,8.193359985351563,3269.1506341552736,3830.8528794717854,1145.0,2019-08-01,2019-07-31,target_rebalance,0.3254184328876208,next_close
HEI,SELL,192.0,136.9312286376953,26290.7958984375,65.72698974609375,26225.068908691406,30055.921788163192,192.0,2019-08-01,2019-07-31,target_rebalance,0.2188434895416872,next_close
PAYC,BUY,127.0,231.89044189453125,29450.08612060547,73.62521530151368,-29523.71133590698,532.2104522562113,233.0,2019-08-01,2019-07-31,target_rebalance,0.45,next_close
PAYC,SELL,119.0,238.11952209472656,28336.22312927246,70.84055782318116,28265.38257144928,28797.593023705493,114.0,2019-09-03,2019-08-30,target_rebalance,0.2129023412638676,next_close
SHOP,BUY,343.0,38.39099884033203,13168.112602233887,32.92028150558472,-13201.032883739472,15596.56013996602,1488.0,2019-09-03,2019-08-30,target_rebalance,0.45,next_close
HEI,BUY,104.0,140.8999786376953,14653.597778320312,36.63399444580078,-14690.231772766114,906.328367199907,296.0,2019-09-03,2019-08-30,target_rebalance,0.3286218400388028,next_close
HEI,SELL,296.0,118.96281433105469,35212.99304199219,88.03248260498047,35124.960559387204,36031.28892658711,0.0,2019-10-01,2019-09-30,target_exit,,next_close
PAYC,SELL,114.0,202.70431518554688,23108.291931152344,57.770729827880864,23050.521201324464,59081.81012791158,0.0,2019-10-01,2019-09-30,target_exit,,next_close
SHOP,BUY,30.0,31.32200050354004,939.6600151062012,2.349150037765503,-942.0091651439667,58139.800962767615,1518.0,2019-10-01,2019-09-30,target_rebalance,0.45,next_close
RH,BUY,61.0,170.5500030517578,10403.550186157227,26.008875465393068,-10429.55906162262,47710.241901145,61.0,2019-10-01,2019-09-30,target_rebalance,0.1,next_close
TREX,BUY,242.0,43.54999923706055,10539.099815368652,26.34774953842163,-10565.447564907074,37144.79433623792,242.0,2019-10-01,2019-09-30,target_rebalance,0.1,next_close
SHOP,SELL,1518.0,31.676000595092773,48084.16890335083,120.21042225837708,47963.95848109245,85108.75281733037,0.0,2019-11-01,2019-10-31,target_exit,,next_close
TREX,SELL,3.0,44.744998931884766,134.2349967956543,0.33558749198913573,133.89940930366515,85242.65222663403,239.0,2019-11-01,2019-10-31,target_rebalance,0.1,next_close
ROKU,BUY,72.0,146.5,10548.0,26.37,-10574.37,74668.28222663404,72.0,2019-11-01,2019-10-31,target_rebalance,0.1,next_close
ROKU,SELL,72.0,136.07000732421875,9797.04052734375,24.492601318359377,9772.54792602539,84440.83015265943,0.0,2019-12-02,2019-11-29,target_exit,,next_close
TREX,SELL,239.0,42.474998474121094,10151.524635314941,25.378811588287356,10126.145823726654,94566.97597638608,0.0,2019-12-02,2019-11-29,target_exit,,next_close
RH,SELL,7.0,199.25999450683594,1394.8199615478516,3.4870499038696288,1391.332911643982,95958.30888803006,54.0,2019-12-02,2019-11-29,target_rebalance,0.1,next_close
CRUS,BUY,150.0,70.86000061035156,10629.000091552734,26.572500228881836,-10655.572591781616,85302.73629624845,150.0,2019-12-02,2019-11-29,target_rebalance,0.1,next_close
QRVO,BUY,466.0,102.97000122070312,47984.020568847656,119.96005142211914,-48103.98062026977,37198.755675978675,466.0,2019-12-02,2019-11-29,target_rebalance,0.45,next_close
CRUS,SELL,14.0,85.0,1190.0,2.975,1187.025,38385.780675978676,136.0,2020-01-02,2019-12-31,target_rebalance,0.1,next_close
QRVO,SELL,18.0,115.95999908447266,2087.279983520508,5.21819995880127,2082.0617835617068,40467.842459540385,448.0,2020-01-02,2019-12-31,target_rebalance,0.45,next_close
RH,SELL,1.0,208.6199951171875,208.6199951171875,0.5215499877929688,208.09844512939452,40675.94090466978,53.0,2020-02-03,2020-01-31,target_rebalance,0.1,next_close
CRUS,BUY,7.0,77.19000244140625,540.3300170898438,1.3508250427246093,-541.6808421325684,40134.26006253721,143.0,2020-02-03,2020-01-31,target_rebalance,0.1,next_close
QRVO,BUY,13.0,107.55999755859375,1398.2799682617188,3.495699920654297,-1401.775668182373,38732.48439435483,461.0,2020-02-03,2020-01-31,target_rebalance,0.45,next_close
CRUS,SELL,143.0,71.1500015258789,10174.450218200684,25.43612554550171,10149.014092655181,48881.498487010016,0.0,2020-03-02,2020-02-28,target_exit,,next_close
QRVO,SELL,461.0,100.44000244140625,46302.84112548828,115.7571028137207,46187.084022674564,95068.58250968458,0.0,2020-03-02,2020-02-28,target_exit,,next_close
RH,SELL,53.0,192.9600067138672,10226.880355834961,25.567200889587404,10201.313154945374,105269.89566462995,0.0,2020-03-02,2020-02-28,target_exit,,next_close
RNG,BUY,24.0,239.46182250976562,5747.083740234375,14.367709350585939,-5761.451449584961,99508.44421504499,24.0,2020-03-02,2020-02-28,target_rebalance,0.055,next_close
ZG,BUY,437.0,54.619998931884766,23868.939533233643,59.67234883308411,-23928.611882066725,75579.83233297826,437.0,2020-03-02,2020-02-28,target_rebalance,0.227039936254542,next_close
TSLA,BUY,525.0,49.574668884277344,26026.701164245605,65.06675291061401,-26091.76791715622,49488.06441582204,525.0,2020-03-02,2020-02-28,target_rebalance,0.2475,next_close
ZG,SELL,437.0,30.040000915527344,13127.48040008545,32.81870100021362,13094.661699085236,62582.72611490727,0.0,2020-04-01,2020-03-31,target_exit,,next_close
RNG,SELL,13.0,210.29397583007812,2733.8216857910156,6.8345542144775395,2726.987131576538,65309.713246483814,11.0,2020-04-01,2020-03-31,target_rebalance,0.025,next_close
TSLA,SELL,237.0,32.104000091552734,7608.648021697998,19.021620054244995,7589.626401643753,72899.33964812757,288.0,2020-04-01,2020-03-31,target_rebalance,0.1093969193024351,next_close
MRNA,BUY,320.0,29.670000076293945,9494.400024414062,23.736000061035156,-9518.136024475098,63381.20362365247,320.0,2020-04-01,2020-03-31,target_rebalance,0.1125,next_close
RNG,BUY,19.0,217.71072387695312,4136.503753662109,10.341259384155274,-4146.845013046264,59234.35861060621,30.0,2020-05-01,2020-04-30,target_rebalance,0.0699999999999999,next_close
TSLA,BUY,290.0,46.75466537475586,13558.8529586792,33.897132396698,-13592.750091075897,45641.60851953031,578.0,2020-05-01,2020-04-30,target_rebalance,0.2862082739954918,next_close
MRNA,BUY,301.0,47.93000030517578,14426.93009185791,36.06732522964477,-14462.997417087556,31178.611102442752,621.0,2020-05-01,2020-04-30,target_rebalance,0.315,next_close
TSLA,BUY,38.0,59.87333297729492,2275.186653137207,5.687966632843017,-2280.8746197700502,28897.736482672703,616.0,2020-06-01,2020-05-29,target_rebalance,0.3271157987522788,next_close
MRNA,BUY,195.0,62.18000030517578,12125.100059509277,30.312750148773194,-12155.41280965805,16742.323673014653,816.0,2020-06-01,2020-05-29,target_rebalance,0.45,next_close
RNG,BUY,56.0,278.8613586425781,15616.236083984375,39.04059020996094,-15655.276674194336,1087.0469988203167,86.0,2020-06-01,2020-05-29,target_rebalance,0.2151323463574746,next_close
RNG,SELL,86.0,289.7918395996094,24922.098205566406,62.30524551391602,24859.79296005249,25946.839958872806,0.0,2020-07-01,2020-06-30,target_exit,,next_close
MRNA,SELL,459.0,61.59000015258789,28269.81007003784,70.6745251750946,28199.135544862747,54145.97550373555,357.0,2020-07-01,2020-06-30,target_rebalance,0.1794639555584595,next_close
TSLA,BUY,109.0,74.64199829101562,8135.977813720703,20.339944534301758,-8156.317758255005,45989.657745480545,725.0,2020-07-01,2020-06-30,target_rebalance,0.4430947222519202,next_close
SE,BUY,400.0,114.45999908447266,45783.99963378906,114.45999908447266,-45898.459632873535,91.19811260700953,400.0,2020-07-01,2020-06-30,target_rebalance,0.3762002950097489,next_close
MRNA,SELL,32.0,77.9800033569336,2495.360107421875,6.238400268554687,2489.12170715332,2580.3198197603297,325.0,2020-08-03,2020-07-31,target_rebalance,0.1654051453844659,next_close
TSLA,SELL,141.0,99.0,13959.0,34.8975,13924.1025,16504.42231976033,584.0,2020-08-03,2020-07-31,target_rebalance,0.3783038272428096,next_close
SE,BUY,117.0,132.75,15531.75,38.829375,-15570.579375,933.8429447603321,517.0,2020-08-03,2020-07-31,target_rebalance,0.45,next_close
MRNA,SELL,325.0,63.31999969482422,20578.99990081787,51.44749975204468,20527.552401065826,21461.39534582616,0.0,2020-09-01,2020-08-31,target_exit,,next_close
TSLA,SELL,22.0,158.35000610351562,3483.7001342773438,8.70925033569336,3474.9908839416503,24936.38622976781,562.0,2020-09-01,2020-08-31,target_rebalance,0.45,next_close
SE,SELL,144.0,161.8000030517578,23299.200439453125,58.24800109863281,23240.952438354492,48177.338668122306,373.0,2020-09-01,2020-08-31,target_rebalance,0.3050755645805824,next_close
RUN,BUY,815.0,58.27000045776367,47490.05037307739,118.72512593269349,-47608.77549901009,568.563169112218,815.0,2020-09-01,2020-08-31,target_rebalance,0.2404670263833641,next_close
TSLA,SELL,69.0,149.3866729736328,10307.680435180664,25.76920108795166,10281.911234092713,10850.474403204931,493.0,2020-10-01,2020-09-30,target_rebalance,0.3515160095380424,next_close
SE,SELL,122.0,160.0,19520.0,48.800000000000004,19471.2,30321.674403204932,251.0,2020-10-01,2020-09-30,target_rebalance,0.191403824842953,next_close
RUN,BUY,363.0,79.97000122070312,29029.110443115234,72.57277610778809,-29101.68321922302,1219.9911839819106,1178.0,2020-10-01,2020-09-30,target_rebalance,0.45,next_close
TSLA,SELL,67.0,133.50332641601562,8944.722869873047,22.361807174682617,8922.361062698365,10142.352246680275,426.0,2020-11-02,2020-10-30,target_rebalance,0.3326672102407895,next_close
RUN,SELL,517.0,54.18000030517578,28011.06015777588,70.0276503944397,27941.03250738144,38083.38475406171,661.0,2020-11-02,2020-10-30,target_rebalance,0.2093148270505543,next_close
SE,BUY,230.0,159.6699981689453,36724.09957885742,91.81024894714356,-36815.909827804564,1267.4749262571495,481.0,2020-11-02,2020-10-30,target_rebalance,0.45,next_close
SE,SELL,70.0,177.3800048828125,12416.600341796875,31.041500854492188,12385.558840942384,13653.033767199533,411.0,2020-12-01,2020-11-30,target_rebalance,0.3451939525202518,next_close
RUN,BUY,10.0,62.4900016784668,624.900016784668,1.56225004196167,-626.4622668266296,13026.571500372904,671.0,2020-12-01,2020-11-30,target_rebalance,0.198818648162111,next_close
TSLA,BUY,60.0,194.9199981689453,11695.199890136719,29.237999725341798,-11724.43788986206,1302.133610510844,486.0,2020-12-01,2020-11-30,target_rebalance,0.45,next_close
RUN,SELL,671.0,69.9800033569336,46956.58225250244,117.39145563125611,46839.19079687118,48141.324407382024,0.0,2021-01-04,2020-12-31,target_exit,,next_close
TSLA,SELL,108.0,243.2566680908203,26271.720153808594,65.67930038452148,26206.04085342407,74347.3652608061,378.0,2021-01-04,2020-12-31,target_rebalance,0.3722068996999538,next_close
SE,SELL,182.0,196.05999755859375,35682.91955566406,89.20729888916016,35593.7122567749,109941.077517581,229.0,2021-01-04,2020-12-31,target_rebalance,0.1813680006844304,next_close
PDD,BUY,657.0,166.77999877929688,109574.45919799805,273.9361479949951,-109848.39534599305,92.68217158794869,657.0,2021-01-04,2020-12-31,target_rebalance,0.4451406099534742,next_close
SE,SELL,33.0,233.52999877929688,7706.489959716797,19.26622489929199,7687.223734817505,7779.905906405454,196.0,2021-02-01,2021-01-29,target_rebalance,0.166421615212255,next_close
PDD,SELL,61.0,173.9600067138672,10611.560409545898,26.528901023864748,10585.031508522034,18364.937414927488,596.0,2021-02-01,2021-01-29,target_rebalance,0.378418037116866,next_close
TSLA,BUY,61.0,279.9366760253906,17076.137237548828,42.69034309387207,-17118.8275806427,1246.1098342847872,439.0,2021-02-01,2021-01-29,target_rebalance,0.45,next_close
TSLA,SELL,212.0,239.47666931152344,50769.05389404297,126.92263473510742,50642.13125930786,51888.241093592645,227.0,2021-03-01,2021-02-26,target_rebalance,0.203894665805819,next_close
PDD,BUY,47.0,186.14999389648438,8749.049713134766,21.872624282836913,-8770.922337417602,43117.318756175046,643.0,2021-03-01,2021-02-26,target_rebalance,0.45,next_close
SE,BUY,167.0,248.50999450683594,41501.1690826416,103.75292270660401,-41604.922005348206,1512.3967508268397,363.0,2021-03-01,2021-02-26,target_rebalance,0.3395703981566228,next_close
PDD,SELL,643.0,143.92999267578125,92546.98529052734,231.36746322631836,92315.61782730103,93828.01457812787,0.0,2021-04-01,2021-03-31,target_exit,,next_close
TSLA,SELL,227.0,220.5833282470703,50072.41551208496,125.1810387802124,49947.23447330475,143775.24905143262,0.0,2021-04-01,2021-03-31,target_exit,,next_close
SE,SELL,56.0,236.4499969482422,13241.199829101562,33.10299957275391,13208.09682952881,156983.34588096142,307.0,2021-04-01,2021-03-31,target_rebalance,0.3157041342630638,next_close
FUTU,BUY,455.0,147.69300842285156,67200.31883239746,168.00079708099366,-67368.31962947846,89615.02625148297,455.0,2021-04-01,2021-03-31,target_rebalance,0.2927055207807214,next_close
WSM,BUY,1083.0,82.51468658447266,89363.40557098389,223.40851392745972,-89586.81408491134,28.212166571625858,1083.0,2021-04-01,2021-03-31,target_rebalance,0.3900765797034897,next_close
WSM,SELL,125.0,79.73932647705078,9967.415809631348,24.91853952407837,9942.49727010727,9970.709436678895,958.0,2021-05-03,2021-04-30,target_rebalance,0.333591182748449,next_close
SE,SELL,118.0,254.6199951171875,30045.159423828125,75.11289855957031,29970.046525268554,39940.75596194745,189.0,2021-05-03,2021-04-30,target_rebalance,0.2093363887983452,next_close
FUTU,BUY,273.0,141.4622039794922,38619.18168640137,96.54795421600342,-38715.72964061737,1225.0263213300786,728.0,2021-05-03,2021-04-30,target_rebalance,0.45,next_close
FUTU,SELL,728.0,144.33721923828125,105077.49560546875,262.69373901367186,104814.80186645508,106039.82818778516,0.0,2021-06-01,2021-05-28,target_exit,,next_close
SE,SELL,189.0,257.5400085449219,48675.061614990234,121.68765403747558,48553.37396095276,154593.2021487379,0.0,2021-06-01,2021-05-28,target_exit,,next_close
WSM,SELL,175.0,77.73845672607422,13604.229927062988,34.01057481765747,13570.21935224533,168163.42150098324,783.0,2021-06-01,2021-05-28,target_rebalance,0.2655727391699234,next_close
DKS,BUY,771.0,83.17290496826172,64126.309730529785,160.31577432632446,-64286.62550485611,103876.79599612713,771.0,2021-06-01,2021-05-28,target_rebalance,0.2801548621004128,next_close
STLD,BUY,1730.0,59.5572395324707,103034.02439117432,257.58506097793577,-103291.60945215225,585.1865439748799,1730.0,2021-06-01,2021-05-28,target_rebalance,0.45,next_close
WSM,SELL,783.0,72.87725067138672,57062.8872756958,142.6572181892395,56920.23005750656,57505.41660148144,0.0,2021-07-01,2021-06-30,target_exit,,next_close
STLD,SELL,796.0,56.492881774902344,44968.333892822266,112.42083473205567,44855.91305809021,102361.32965957165,934.0,2021-07-01,2021-06-30,target_rebalance,0.2370950652823688,next_close
DKS,BUY,141.0,86.9920883178711,12265.884452819824,30.66471113204956,-12296.549163951873,90064.78049561978,912.0,2021-07-01,2021-06-30,target_rebalance,0.3570739854098105,next_close
NVDA,BUY,4460.0,20.1423282623291,89834.7840499878,224.5869601249695,-90059.37101011277,5.409485507014324,4460.0,2021-07-01,2021-06-30,target_rebalance,0.4041549640275861,next_close
NVDA,SELL,638.0,19.681922912597656,12557.066818237305,31.392667045593264,12525.674151191712,12531.083636698726,3822.0,2021-08-02,2021-07-30,target_rebalance,0.3351004467317934,next_close
DKS,SELL,394.0,90.11181640625,35504.0556640625,88.76013916015626,35415.29552490234,47946.37916160107,518.0,2021-08-02,2021-07-30,target_rebalance,0.2076660183829228,next_close
STLD,BUY,797.0,58.34783935546875,46503.227966308594,116.25806991577149,-46619.48603622436,1326.8931253767078,1731.0,2021-08-02,2021-07-30,target_rebalance,0.45,next_close
STLD,SELL,1731.0,62.1783447265625,107630.71472167969,269.07678680419923,107361.63793487549,108688.5310602522,0.0,2021-09-01,2021-08-31,target_exit,,next_close
NVDA,SELL,1765.0,22.36758804321289,39478.79289627075,98.69698224067689,39380.09591403008,148068.62697428226,2057.0,2021-09-01,2021-08-31,target_rebalance,0.1782690497065887,next_close
DKS,BUY,342.0,123.16020965576172,42120.79170227051,105.30197925567627,-42226.09368152618,105842.53329275608,860.0,2021-09-01,2021-08-31,target_rebalance,0.4107187827162037,next_close
BILL,BUY,380.0,277.1300048828125,105309.40185546875,263.27350463867185,-105572.67536010742,269.85793264866516,380.0,2021-09-01,2021-08-31,target_rebalance,0.4098537514545051,next_close
DKS,SELL,134.0,109.14860534667969,14625.913116455078,36.564782791137695,14589.34833366394,14859.206266312605,726.0,2021-10-01,2021-09-30,target_rebalance,0.3270978305465475,next_close
BILL,BUY,12.0,277.1300048828125,3325.56005859375,8.313900146484375,-3333.8739587402342,11525.332307572371,392.0,2021-10-01,2021-09-30,target_rebalance,0.45,next_close
NVDA,BUY,461.0,20.67414665222168,9530.781606674194,23.826954016685487,-9554.60856069088,1970.723746881491,2518.0,2021-10-01,2021-09-30,target_rebalance,0.2151960827112399,next_close
NVDA,SELL,219.0,25.742515563964844,5637.610908508301,14.094027271270752,5623.51688123703,7594.240628118521,2299.0,2021-11-01,2021-10-29,target_rebalance,0.2249999999999999,next_close
DKS,BUY,7.0,108.341552734375,758.390869140625,1.8959771728515626,-760.2868463134765,6833.953781805045,733.0,2021-11-01,2021-10-29,target_rebalance,0.3022164212498132,next_close
BILL,BUY,2.0,299.75,599.5,1.49875,-600.99875,6232.955031805045,394.0,2021-11-01,2021-10-29,target_rebalance,0.45,next_close
BILL,SELL,394.0,252.02000427246094,99295.88168334961,248.23970420837404,99047.64197914123,105280.59701094628,0.0,2021-12-01,2021-11-30,target_exit,,next_close
DKS,SELL,733.0,102.7191390991211,75293.12895965576,188.2328223991394,75104.89613725663,180385.4931482029,0.0,2021-12-01,2021-11-30,target_exit,,next_close
NVDA,BUY,970.0,31.336000442504883,30395.920429229736,75.98980107307435,-30471.910230302812,149913.5829179001,3269.0,2021-12-01,2021-11-30,target_rebalance,0.4059096712661778,next_close
CAR,BUY,287.0,240.6336669921875,69061.86242675781,172.65465606689455,-69234.5170828247,80679.06583507538,287.0,2021-12-01,2021-11-30,target_rebalance,0.2740601328688826,next_close
AMD,BUY,539.0,149.11000061035156,80370.29032897949,200.92572582244873,-80571.21605480195,107.84978027343459,539.0,2021-12-01,2021-11-30,target_rebalance,0.319108868089015,next_close
CAR,SELL,35.0,192.1306915283203,6724.574203491211,16.811435508728028,6707.762767982483,6815.612548255917,252.0,2022-01-03,2021-12-31,target_rebalance,0.2058077906483828,next_close
NVDA,SELL,628.0,30.026147842407227,18856.42084503174,47.141052112579345,18809.27979291916,25624.892341175077,2641.0,2022-01-03,2021-12-31,target_rebalance,0.3382671652606379,next_close
AMD,BUY,163.0,150.24000549316406,24489.120895385742,61.222802238464354,-24550.34369762421,1074.5486435508683,702.0,2022-01-03,2021-12-31,target_rebalance,0.45,next_close
AMD,SELL,702.0,116.77999877929688,81979.5591430664,204.94889785766603,81774.61024520874,82849.1588887596,0.0,2022-02-01,2022-01-31,target_exit,,next_close
NVDA,SELL,2641.0,24.560409545898438,64864.04161071777,162.16010402679444,64701.88150669098,147551.04039545057,0.0,2022-02-01,2022-01-31,target_exit,,next_close
CAR,SELL,117.0,170.05970764160156,19896.985794067383,49.742464485168455,19847.243329582216,167398.2837250328,135.0,2022-02-01,2022-01-31,target_rebalance,0.1205731287172405,next_close
BKR,BUY,726.0,24.78585433959961,17994.530250549316,44.986325626373294,-18039.51657617569,149358.7671488571,726.0,2022-02-01,2022-01-31,target_rebalance,0.0946010568453794,next_close
XOM,BUY,369.0,69.19153594970703,25531.676765441895,63.82919191360474,-25595.5059573555,123763.26119150159,369.0,2022-02-01,2022-01-31,target_rebalance,0.134247714936858,next_close
CAR,SELL,135.0,171.30435180664062,23126.087493896484,57.815218734741215,23068.272275161744,146831.53346666333,0.0,2022-03-01,2022-02-28,target_exit,,next_close
BKR,SELL,76.0,25.71856689453125,1954.611083984375,4.886527709960937,1949.724556274414,148781.25802293775,650.0,2022-03-01,2022-02-28,target_rebalance,0.0874958132958363,next_close
XOM,BUY,26.0,68.52183532714844,1781.5677185058594,4.453919296264648,-1786.0216378021241,146995.23638513562,395.0,2022-03-01,2022-02-28,target_rebalance,0.142140638714695,next_close
MOS,BUY,494.0,46.2274169921875,22836.343994140625,57.090859985351564,-22893.434854125975,124101.80153100964,494.0,2022-03-01,2022-02-28,target_rebalance,0.1197403603967289,next_close
XOM,BUY,38.0,71.94056701660156,2733.7415466308594,6.834353866577149,-2740.5759004974366,121361.2256305122,433.0,2022-04-01,2022-03-31,target_rebalance,0.153605721561084,next_close
BKR,BUY,735.0,33.05116653442383,24292.607402801514,60.731518507003784,-24353.338921308517,97007.88670920368,1385.0,2022-04-01,2022-03-31,target_rebalance,0.2254794832145133,next_close
MOS,BUY,593.0,58.841552734375,34893.040771484375,87.23260192871093,-34980.27337341309,62027.61333579059,1087.0,2022-04-01,2022-03-31,target_rebalance,0.315,next_close
XOM,SELL,212.0,74.78810119628906,15855.077453613281,39.637693634033205,15815.439759979248,77843.05309576984,221.0,2022-05-02,2022-04-29,target_rebalance,0.0849997791660771,next_close
BKR,SELL,1034.0,28.050844192504883,29004.57289505005,72.51143223762513,28932.061462812424,106775.11455858225,351.0,2022-05-02,2022-04-29,target_rebalance,0.050763976579828,next_close
MOS,SELL,695.0,55.73334884643555,38734.677448272705,96.83669362068177,38637.840754652025,145412.95531323427,392.0,2022-05-02,2022-04-29,target_rebalance,0.1125,next_close
MOS,SELL,132.0,52.5455207824707,6936.008743286133,17.340021858215334,6918.668721427917,152331.62403466218,260.0,2022-06-01,2022-05-31,target_rebalance,0.06936530265035,next_close
BKR,BUY,348.0,34.11511993408203,11872.061737060547,29.680154342651367,-11901.741891403199,140429.882143259,699.0,2022-06-01,2022-05-31,target_rebalance,0.1211504310819714,next_close
XOM,BUY,141.0,85.54817199707031,12062.292251586914,30.155730628967287,-12092.447982215881,128337.43416104311,362.0,2022-06-01,2022-05-31,target_rebalance,0.1575,next_close
BKR,SELL,699.0,26.52790069580078,18543.002586364746,46.35750646591187,18496.645079898834,146834.07924094194,0.0,2022-07-01,2022-06-30,target_exit,,next_close
MOS,SELL,260.0,42.00776672363281,10922.019348144531,27.30504837036133,10894.71429977417,157728.7935407161,0.0,2022-07-01,2022-06-30,target_exit,,next_close
XOM,SELL,172.0,76.55093383789062,13166.760620117188,32.91690155029297,13133.843718566895,170862.63725928302,190.0,2022-07-01,2022-06-30,target_rebalance,0.0782756053274865,next_close
LI,BUY,378.0,37.70000076293945,14250.600288391113,35.62650072097778,-14286.226789112092,156576.41047017093,378.0,2022-07-01,2022-06-30,target_rebalance,0.0769277261562435,next_close
UTHR,BUY,73.0,238.0,17374.0,43.435,-17417.435,139158.97547017093,73.0,2022-07-01,2022-06-30,target_rebalance,0.0944376427829922,next_close
LI,BUY,413.0,34.099998474121094,14083.299369812012,35.208248424530034,-14118.507618236541,125040.46785193439,791.0,2022-08-01,2022-07-29,target_rebalance,0.1465152705157412,next_close
UTHR,BUY,117.0,225.3000030517578,26360.100357055664,65.90025089263916,-26426.000607948303,98614.46724398609,190.0,2022-08-01,2022-07-29,target_rebalance,0.2334791286420837,next_close
XOM,BUY,512.0,82.61031341552734,42296.48046875,105.741201171875,-42402.22166992188,56212.24557406421,702.0,2022-08-01,2022-07-29,target_rebalance,0.315,next_close
LI,SELL,336.0,27.899999618530273,9374.399871826172,23.43599967956543,9350.963872146607,65563.20944621082,455.0,2022-09-01,2022-08-31,target_rebalance,0.0706234996603527,next_close
UTHR,SELL,95.0,226.07000732421875,21476.65069580078,53.691626739501956,21422.95906906128,86986.1685152721,95.0,2022-09-01,2022-08-31,target_rebalance,0.1195462604781131,next_close
XOM,SELL,361.0,82.8744125366211,29917.662925720215,74.79415731430053,29842.868768405915,116829.03728367802,341.0,2022-09-01,2022-08-31,target_rebalance,0.1575,next_close
LI,SELL,455.0,23.459999084472656,10674.299583435059,26.68574895858765,10647.613834476471,127476.65111815449,0.0,2022-10-03,2022-09-30,target_exit,,next_close
UTHR,SELL,95.0,213.92999267578125,20323.34930419922,50.80837326049805,20272.54093093872,147749.19204909322,0.0,2022-10-03,2022-09-30,target_exit,,next_close
XOM,SELL,124.0,81.15283966064453,10062.952117919922,25.157380294799804,10037.794737625121,157786.98678671833,217.0,2022-10-03,2022-09-30,target_rebalance,0.1002519386356239,next_close
WFRD,BUY,133.0,32.79664993286133,4361.954441070557,10.904886102676391,-4372.859327173233,153414.1274595451,133.0,2022-10-03,2022-09-30,target_rebalance,0.025,next_close
BIIB,BUY,74.0,264.29998779296875,19558.199096679688,48.89549774169922,-19607.094594421385,133807.0328651237,74.0,2022-10-03,2022-09-30,target_rebalance,0.1125,next_close
WFRD,BUY,113.0,40.392784118652344,4564.384605407715,11.410961513519288,-4575.795566921234,129231.23729820247,246.0,2022-11-01,2022-10-31,target_rebalance,0.055,next_close
BIIB,BUY,67.0,280.0400085449219,18762.680572509766,46.90670143127441,-18809.58727394104,110421.65002426143,141.0,2022-11-01,2022-10-31,target_rebalance,0.218512591328676,next_close
XOM,BUY,237.0,98.8012924194336,23415.90630340576,58.539765758514406,-23474.446069164274,86947.20395509715,454.0,2022-11-01,2022-10-31,target_rebalance,0.2475,next_close
WFRD,BUY,190.0,42.299110412597656,8036.830978393555,20.092077445983886,-8056.923055839538,78890.28089925762,436.0,2022-12-01,2022-11-30,target_rebalance,0.1,next_close
XOM,BUY,290.0,98.60880279541016,28596.552810668945,71.49138202667237,-28668.04419269562,50222.236706562,744.0,2022-12-01,2022-11-30,target_rebalance,0.3974341447600274,next_close
BIIB,BUY,134.0,301.8500061035156,40447.900817871094,101.11975204467774,-40549.020569915774,9673.216136646224,275.0,2022-12-01,2022-11-30,target_rebalance,0.45,next_close
BIIB,SELL,275.0,272.6300048828125,74973.25134277344,187.4331283569336,74785.8182144165,84459.03435106273,0.0,2023-01-03,2022-12-30,target_exit,,next_close
WFRD,SELL,305.0,47.07466125488281,14357.771682739258,35.894429206848145,14321.87725353241,98780.91160459514,131.0,2023-01-03,2022-12-30,target_rebalance,0.0349999999999999,next_close
XOM,SELL,471.0,94.79080963134766,44646.471336364746,111.61617834091187,44534.855158023835,143315.76676261897,273.0,2023-01-03,2022-12-30,target_rebalance,0.147102622726852,next_close
AGCO,BUY,222.0,124.10692596435547,27551.737564086914,68.87934391021729,-27620.61690799713,115695.14985462184,222.0,2023-01-03,2022-12-30,target_rebalance,0.1575,next_close
XOM,SELL,273.0,102.11528015136719,27877.471481323242,69.69367870330811,27807.777802619934,143502.92765724176,0.0,2023-02-01,2023-01-31,target_exit,,next_close
WFRD,BUY,195.0,54.75833511352539,10677.875347137451,26.69468836784363,-10704.570035505294,132798.35762173648,326.0,2023-02-01,2023-01-31,target_rebalance,0.1,next_close
AGCO,BUY,412.0,125.86994934082031,51858.41912841797,129.64604782104493,-51988.06517623901,80810.29244549747,634.0,2023-02-01,2023-01-31,target_rebalance,0.4472866601481728,next_close
LVS,BUY,1411.0,55.64259719848633,78511.70464706421,196.27926161766052,-78707.98390868187,2102.3085368156026,1411.0,2023-02-01,2023-01-31,target_rebalance,0.4396967694991189,next_close
WFRD,SELL,49.0,66.4783706665039,3257.4401626586914,8.143600406646728,3249.2965622520446,5351.605099067647,277.0,2023-03-01,2023-02-28,target_rebalance,0.1,next_close
LVS,SELL,78.0,55.31206512451172,4314.341079711914,10.785852699279785,4303.5552270126345,9655.16032608028,1333.0,2023-03-01,2023-02-28,target_rebalance,0.4017575698217217,next_close
AGCO,BUY,6.0,128.86029052734375,773.1617431640625,1.9329043579101564,-775.0946475219727,8880.065678558307,640.0,2023-03-01,2023-02-28,target_rebalance,0.45,next_close
AGCO,SELL,640.0,120.7454605102539,77277.0947265625,193.19273681640627,77083.9019897461,85963.96766830441,0.0,2023-04-03,2023-03-31,target_exit,,next_close
LVS,SELL,1333.0,55.45372772216797,73919.8190536499,184.79954763412476,73735.01950601577,159698.98717432018,0.0,2023-04-03,2023-03-31,target_exit,,next_close
WFRD,SELL,277.0,60.62321472167969,16792.630477905273,41.981576194763186,16750.64890171051,176449.6360760307,0.0,2023-04-03,2023-03-31,target_exit,,next_close
ACLS,BUY,133.0,132.4199981689453,17611.859756469727,44.02964939117432,-17655.8894058609,158793.7466701698,133.0,2023-04-03,2023-03-31,target_rebalance,0.1,next_close
FTAI,BUY,671.0,26.286792755126953,17638.437938690186,44.096094846725464,-17682.53403353691,141111.2126366329,671.0,2023-04-03,2023-03-31,target_rebalance,0.1,next_close
ALGM,BUY,1659.0,47.86000061035156,79399.74101257324,198.49935253143312,-79598.24036510468,61512.972271528226,1659.0,2023-04-03,2023-03-31,target_rebalance,0.45,next_close
ACLS,SELL,133.0,123.08999633789062,16370.969512939453,40.92742378234863,16330.042089157105,77843.01436068534,0.0,2023-05-01,2023-04-28,target_exit,,next_close
ALGM,SELL,1659.0,36.689998626708984,60868.707721710205,152.17176930427553,60716.53595240593,138559.55031309125,0.0,2023-05-01,2023-04-28,target_exit,,next_close
FTAI,SELL,80.0,26.44788932800293,2115.8311462402344,5.289577865600586,2110.5415683746337,140670.0918814659,591.0,2023-05-01,2023-04-28,target_rebalance,0.1,next_close
ELF,BUY,168.0,92.72000122070312,15576.960205078125,38.942400512695315,-15615.90260559082,125054.18927587508,168.0,2023-05-01,2023-04-28,target_rebalance,0.1,next_close
CHDN,BUY,476.0,147.58258056640625,70249.30834960938,175.62327087402343,-70424.9316204834,54629.25765539167,476.0,2023-05-01,2023-04-28,target_rebalance,0.45,next_close
CHDN,SELL,476.0,136.15847778320312,64811.43542480469,162.02858856201172,64649.40683624268,119278.66449163435,0.0,2023-06-01,2023-05-31,target_exit,,next_close
FTAI,SELL,591.0,27.454336166381836,16225.512674331665,40.56378168582916,16184.948892645836,135463.61338428018,0.0,2023-06-01,2023-05-31,target_exit,,next_close
ELF,BUY,276.0,106.54000091552734,29405.040252685547,73.51260063171387,-29478.552853317262,105985.06053096292,444.0,2023-06-01,2023-05-31,target_rebalance,0.3085328866857792,next_close
ACLS,BUY,224.0,162.08999633789062,36308.1591796875,90.77039794921875,-36398.92957763672,69586.1309533262,224.0,2023-06-01,2023-05-31,target_rebalance,0.2376483816874822,next_close
AVGO,BUY,910.0,75.79253387451172,68971.20582580566,172.42801456451417,-69143.63384037018,442.49711295601446,910.0,2023-06-01,2023-05-31,target_rebalance,0.45,next_close
AVGO,SELL,13.0,84.53890228271484,1099.005729675293,2.7475143241882325,1096.2582153511048,1538.7553283071193,897.0,2023-07-03,2023-06-30,target_rebalance,0.45,next_close
ELF,SELL,153.0,113.25,17327.25,43.318125,17283.931875,18822.68720330712,291.0,2023-07-03,2023-06-30,target_rebalance,0.1955076447210049,next_close
ACLS,BUY,99.0,181.74000549316406,17992.260543823242,44.98065135955811,-18037.2411951828,785.4460081243196,323.0,2023-07-03,2023-06-30,target_rebalance,0.3490504214283278,next_close
AVGO,SELL,205.0,88.74056243896484,18191.815299987793,45.47953824996949,18146.335761737824,18931.781769862144,692.0,2023-08-01,2023-07-31,target_rebalance,0.3455299262073121,next_close
ELF,BUY,8.0,116.5,932.0,2.33,-934.33,17997.451769862142,299.0,2023-08-01,2023-07-31,target_rebalance,0.1965303128352549,next_close
ACLS,BUY,84.0,196.2100067138672,16481.640563964844,41.20410140991211,-16522.844665374756,1474.607104487386,407.0,2023-08-01,2023-07-31,target_rebalance,0.45,next_close
ACLS,SELL,211.0,192.89999389648438,40701.8987121582,101.75474678039551,40600.14396537781,42074.75106986519,196.0,2023-09-01,2023-08-31,target_rebalance,0.2107012891806258,next_close
ELF,BUY,135.0,136.97000122070312,18490.950164794922,46.2273754119873,-18537.17754020691,23537.57352965828,434.0,2023-09-01,2023-08-31,target_rebalance,0.3319014569229114,next_close
AVGO,BUY,266.0,84.1607894897461,22386.77000427246,55.96692501068115,-22442.736929283143,1094.8366003751362,958.0,2023-09-01,2023-08-31,target_rebalance,0.45,next_close
ACLS,SELL,196.0,162.6300048828125,31875.48095703125,79.68870239257812,31795.792254638673,32890.62885501381,0.0,2023-10-02,2023-09-29,target_exit,,next_close
AVGO,SELL,958.0,80.97552490234375,77574.55285644531,193.93638214111328,77380.6164743042,110271.24532931802,0.0,2023-10-02,2023-09-29,target_exit,,next_close
ELF,SELL,434.0,108.20999908447266,46963.13960266113,117.40784900665284,46845.73175365448,157116.9770829725,0.0,2023-10-02,2023-09-29,target_exit,,next_close
DINO,BUY,520.0,50.29447937011719,26153.129272460938,65.38282318115235,-26218.51209564209,130898.46498733042,520.0,2023-10-02,2023-09-29,target_rebalance,0.1664695357713165,next_close
WFRD,BUY,384.0,88.06073760986328,33815.3232421875,84.53830810546876,-33899.86155029297,96998.60343703744,384.0,2023-10-02,2023-09-29,target_rebalance,0.2156244961265077,next_close
CCC,BUY,3824.0,12.9399995803833,49482.55839538574,123.70639598846437,-49606.264791374204,47392.338645663236,3824.0,2023-10-02,2023-09-29,target_rebalance,0.315,next_close
WFRD,SELL,75.0,92.6904067993164,6951.7805099487305,17.379451274871826,6934.401058673859,54326.739704337095,309.0,2023-11-01,2023-10-31,target_rebalance,0.1909893471622612,next_close
CCC,SELL,2319.0,10.739999771118164,24906.059469223022,62.26514867305756,24843.794320549965,79170.53402488706,1505.0,2023-11-01,2023-10-31,target_rebalance,0.107803943219793,next_close
DINO,BUY,226.0,49.73267364501953,11239.584243774414,28.098960609436034,-11267.68320438385,67902.85082050321,746.0,2023-11-01,2023-10-31,target_rebalance,0.2475,next_close
CCC,SELL,1505.0,11.8100004196167,17774.050631523132,44.43512657880783,17729.615504944326,85632.46632544755,0.0,2023-12-01,2023-11-30,target_exit,,next_close
DINO,SELL,746.0,48.85824966430664,36448.254249572754,91.12063562393189,36357.13361394882,121989.59993939637,0.0,2023-12-01,2023-11-30,target_exit,,next_close
WFRD,BUY,282.0,88.81938934326172,25047.067794799805,62.61766948699951,-25109.685464286806,96879.91447510957,591.0,2023-12-01,2023-11-30,target_rebalance,0.3516466701533148,next_close
UBER,BUY,718.0,57.349998474121094,41177.298904418945,102.94324726104736,-41280.242151679995,55599.67232342958,718.0,2023-12-01,2023-11-30,target_rebalance,0.275803011761126,next_close
KKR,BUY,751.0,73.70428466796875,55351.91778564453,138.37979446411134,-55490.29758010864,109.37474332093552,751.0,2023-12-01,2023-11-30,target_rebalance,0.3708688885332916,next_close
WFRD,SELL,591.0,92.67094421386719,54768.52803039551,136.92132007598877,54631.60671031952,54740.98145364045,0.0,2024-01-02,2023-12-29,target_exit,,next_close
KKR,SELL,264.0,80.04401397705078,21131.619689941406,52.82904922485352,21078.790640716554,75819.772094357,487.0,2024-01-02,2023-12-29,target_rebalance,0.2485162109001483,next_close
UBER,BUY,314.0,58.380001068115234,18331.320335388184,45.82830083847046,-18377.148636226655,57442.62345813034,1032.0,2024-01-02,2023-12-29,target_rebalance,0.3843190764637975,next_close
AVGO,BUY,541.0,105.74686431884766,57209.05359649658,143.02263399124146,-57352.07623048782,90.54722764252074,541.0,2024-01-02,2023-12-29,target_rebalance,0.365511781662387,next_close
KKR,SELL,71.0,86.77750396728516,6161.202781677246,15.403006954193115,6145.799774723053,6236.347002365574,416.0,2024-02-01,2024-01-31,target_rebalance,0.2069082682665289,next_close
UBER,SELL,150.0,66.7300033569336,10009.500503540039,25.023751258850098,9984.476752281189,16220.823754646763,882.0,2024-02-01,2024-01-31,target_rebalance,0.3372746053892645,next_close
AVGO,BUY,130.0,116.91510772705078,15198.964004516602,37.99741001129151,-15236.961414527894,983.8623401188688,671.0,2024-02-01,2024-01-31,target_rebalance,0.45,next_close
UBER,SELL,42.0,81.02999877929688,3403.2599487304688,8.508149871826172,3394.7517988586424,4378.614138977511,840.0,2024-03-01,2024-02-29,target_rebalance,0.3324909863371887,next_close
AVGO,BUY,4.0,136.31895446777344,545.2758178710938,1.3631895446777345,-546.6390074157715,3831.9751315617395,675.0,2024-03-01,2024-02-29,target_rebalance,0.45,next_close
KKR,BUY,24.0,97.55744171142578,2341.3786010742188,5.853446502685547,-2347.2320475769043,1484.7430839848353,440.0,2024-03-01,2024-02-29,target_rebalance,0.2100802795428615,next_close
UBER,SELL,290.0,76.4000015258789,22156.000442504883,55.39000110626221,22100.61044139862,23585.353525383456,550.0,2024-04-01,2024-03-28,target_rebalance,0.2117982584833699,next_close
KKR,BUY,224.0,98.61258697509766,22089.219482421875,55.22304870605469,-22144.44253112793,1440.910994255526,664.0,2024-04-01,2024-03-28,target_rebalance,0.3306961914936457,next_close
UBER,SELL,550.0,67.79000091552734,37284.50050354004,93.2112512588501,37191.28925228119,38632.20024653671,0.0,2024-05-01,2024-04-30,target_exit,,next_close
AVGO,SELL,14.0,121.6055908203125,1702.478271484375,4.256195678710937,1698.222075805664,40330.422322342376,661.0,2024-05-01,2024-04-30,target_rebalance,0.4387972004478219,next_close
KKR,SELL,189.0,93.80030059814453,17728.256813049316,44.32064203262329,17683.936171016692,58014.35849335907,475.0,2024-05-01,2024-04-30,target_rebalance,0.243034080189694,next_close
GE,BUY,366.0,157.8050079345703,57756.632904052734,144.39158226013183,-57901.02448631287,113.33400704619999,366.0,2024-05-01,2024-04-30,target_rebalance,0.3164254279310469,next_close
AVGO,SELL,661.0,129.33914184570312,85493.17276000977,213.73293190002443,85279.43982810974,85392.77383515594,0.0,2024-06-03,2024-05-31,target_exit,,next_close
KKR,SELL,1.0,101.9130859375,101.9130859375,0.25478271484375,101.65830322265624,85494.4321383786,474.0,2024-06-03,2024-05-31,target_rebalance,0.2509489503590631,next_close
GE,BUY,134.0,159.5441131591797,21378.911163330078,53.4472779083252,-21432.358441238404,64062.07369714019,500.0,2024-06-03,2024-05-31,target_rebalance,0.4155267045483963,next_close
FSLR,BUY,233.0,272.7200012207031,63543.76028442383,158.85940071105958,-63702.61968513489,359.45401200530614,233.0,2024-06-03,2024-05-31,target_rebalance,0.3317224246204927,next_close
KKR,SELL,474.0,103.23675537109375,48934.22204589844,122.3355551147461,48811.88649078369,49171.340502789,0.0,2024-07-01,2024-06-28,target_exit,,next_close
GE,SELL,35.0,157.0836639404297,5497.928237915039,13.744820594787598,5484.1834173202515,54655.52392010925,465.0,2024-07-01,2024-06-28,target_rebalance,0.4064653477331513,next_close
FSLR,SELL,25.0,222.7100067138672,5567.75016784668,13.9193754196167,5553.830792427063,60209.35471253631,208.0,2024-07-01,2024-06-28,target_rebalance,0.2578995629487256,next_close
ALNY,BUY,246.0,243.32000732421875,59856.72180175781,149.64180450439454,-60006.36360626221,202.99110627410118,246.0,2024-07-01,2024-06-28,target_rebalance,0.333784507016296,next_close
GE,SELL,465.0,168.01966857910156,78129.14588928223,195.32286472320558,77933.82302455902,78136.81413083313,0.0,2024-08-01,2024-07-31,target_exit,,next_close
CORT,BUY,499.0,37.939998626708984,18932.059314727783,47.33014828681946,-18979.389463014602,59157.42466781852,499.0,2024-08-01,2024-07-31,target_rebalance,0.1,next_close
ALNY,BUY,71.0,268.6099853515625,19071.308959960938,47.67827239990235,-19118.98723236084,40038.43743545769,317.0,2024-08-01,2024-07-31,target_rebalance,0.45,next_close
FSLR,BUY,138.0,218.5,30153.0,75.38250000000001,-30228.3825,9810.054935457687,346.0,2024-08-01,2024-07-31,target_rebalance,0.3994130045309767,next_close
FSLR,SELL,346.0,212.74000549316406,73608.04190063477,184.02010475158693,73424.02179588318,83234.07673134087,0.0,2024-09-03,2024-08-30,target_exit,,next_close
ALNY,BUY,3.0,253.77999877929688,761.3399963378906,1.9033499908447267,-763.2433463287354,82470.83338501214,320.0,2024-09-03,2024-08-30,target_rebalance,0.45,next_close
CORT,BUY,28.0,34.2599983215332,959.2799530029297,2.398199882507324,-961.678152885437,81509.15523212671,527.0,2024-09-03,2024-08-30,target_rebalance,0.1,next_close
FTAI,BUY,654.0,116.1670150756836,75973.22785949707,189.93306964874267,-76163.16092914582,5345.994302980893,654.0,2024-09-03,2024-08-30,target_rebalance,0.420710987894589,next_close
CORT,SELL,92.0,46.75,4301.0,10.7525,4290.2475,9636.241802980894,435.0,2024-10-01,2024-09-30,target_rebalance,0.1,next_close
ALNY,SELL,24.0,276.05999755859375,6625.43994140625,16.563599853515626,6608.876341552735,16245.11814453363,296.0,2024-10-01,2024-09-30,target_rebalance,0.4010131881408941,next_close
FTAI,BUY,50.0,129.68190002441406,6484.095001220703,16.210237503051758,-6500.305238723755,9744.812905809875,704.0,2024-10-01,2024-09-30,target_rebalance,0.45,next_close
FTAI,SELL,199.0,140.330322265625,27925.734130859375,69.81433532714844,27855.919795532227,37600.7327013421,505.0,2024-11-01,2024-10-31,target_rebalance,0.3368242947298273,next_close
ALNY,SELL,137.0,273.9100036621094,37525.670501708984,93.81417625427247,37431.85632545471,75032.5890267968,159.0,2024-11-01,2024-10-31,target_rebalance,0.2062594699398629,next_close
CORT,BUY,1552.0,47.619998931884766,73906.23834228516,184.7655958557129,-74091.00393814087,941.5850886559347,1987.0,2024-11-01,2024-10-31,target_rebalance,0.45,next_close
ALNY,SELL,159.0,253.00999450683594,40228.589126586914,100.57147281646729,40128.01765377045,41069.60274242638,0.0,2024-12-02,2024-11-29,target_exit,,next_close
CORT,SELL,377.0,59.209999084472656,22322.16965484619,55.80542413711548,22266.364230709078,63335.96697313546,1610.0,2024-12-02,2024-11-29,target_rebalance,0.3940157701666404,next_close
FTAI,SELL,137.0,164.61045837402344,22551.63279724121,56.37908199310303,22495.25371524811,85831.22068838356,368.0,2024-12-02,2024-11-29,target_rebalance,0.2499490618541522,next_close
PLTR,BUY,1289.0,66.38999938964844,85576.70921325684,213.94177303314208,-85790.65098628998,40.56970209357678,1289.0,2024-12-02,2024-11-29,target_rebalance,0.3542459427067161,next_close
CORT,SELL,638.0,49.970001220703125,31880.860778808594,79.70215194702149,31801.158626861572,31841.72832895515,972.0,2025-01-02,2024-12-31,target_rebalance,0.2112945847449309,next_close
PLTR,BUY,86.0,75.19000244140625,6466.3402099609375,16.165850524902343,-6482.50606048584,25359.222268469308,1375.0,2025-01-02,2024-12-31,target_rebalance,0.45,next_close
FTAI,BUY,164.0,142.54396057128906,23377.209533691406,58.44302383422852,-23435.652557525635,1923.5697109436733,532.0,2025-01-02,2024-12-31,target_rebalance,0.3304521294245292,next_close
FTAI,SELL,532.0,106.7796859741211,56806.79293823242,142.01698234558106,56664.77595588684,58588.345666830515,0.0,2025-02-03,2025-01-31,target_exit,,next_close
PLTR,SELL,93.0,83.73999786376953,7787.819801330566,19.469549503326416,7768.35025182724,66356.69591865776,1282.0,2025-02-03,2025-01-31,target_rebalance,0.45,next_close
CORT,SELL,165.0,66.55000305175781,10980.750503540039,27.4518762588501,10953.298627281189,77309.99454593894,807.0,2025-02-03,2025-01-31,target_rebalance,0.225,next_close
IBKR,BUY,1358.0,55.51694869995117,75392.01633453369,188.48004083633424,-75580.49637537003,1729.4981705689133,1358.0,2025-02-03,2025-01-31,target_rebalance,0.3163345240355142,next_close
IBKR,SELL,1358.0,50.12570571899414,68070.70836639404,170.17677091598512,67900.53159547805,69630.02976604697,0.0,2025-03-03,2025-02-28,target_exit,,next_close
PLTR,SELL,170.0,83.41999816894531,14181.399688720703,35.453499221801756,14145.946189498902,83775.97595554587,1112.0,2025-03-03,2025-02-28,target_rebalance,0.4136531612657027,next_close
CORT,BUY,47.0,59.06999969482422,2776.2899856567383,6.940724964141846,-2783.23071062088,80992.745244925,854.0,2025-03-03,2025-02-28,target_rebalance,0.225,next_close
SAN,BUY,12634.0,6.284106254577637,79393.39842033386,198.48349605083467,-79591.8819163847,1400.8633285403048,12634.0,2025-03-03,2025-02-28,target_rebalance,0.3540736227375636,next_close
SAN,SELL,12634.0,6.58519983291626,83197.41468906403,207.99353672266008,82989.42115234137,84390.28448088167,0.0,2025-04-01,2025-03-31,target_exit,,next_close
CORT,SELL,413.0,91.93000030517578,37967.0901260376,94.91772531509399,37872.172400722506,122262.45688160419,441.0,2025-04-01,2025-03-31,target_rebalance,0.1575,next_close
PLTR,SELL,872.0,84.68000030517578,73840.96026611328,184.6024006652832,73656.357865448,195918.81474705218,240.0,2025-04-01,2025-03-31,target_rebalance,0.07875,next_close
AEM,BUY,254.0,107.13566589355469,27212.45913696289,68.03114784240722,-27280.4902848053,168638.32446224688,254.0,2025-04-01,2025-03-31,target_rebalance,0.1062392914774744,next_close
CORT,SELL,189.0,71.4800033569336,13509.72063446045,33.774301586151125,13475.946332874299,182114.27079512118,252.0,2025-05-01,2025-04-30,target_rebalance,0.0700680598934646,next_close
AEM,BUY,20.0,111.4115982055664,2228.231964111328,5.570579910278321,-2233.8025440216065,179880.46825109958,274.0,2025-05-01,2025-04-30,target_rebalance,0.1194828633394544,next_close
PLTR,BUY,107.0,116.19999694824219,12433.399673461914,31.083499183654787,-12464.483172645569,167415.98507845402,347.0,2025-05-01,2025-04-30,target_rebalance,0.1575,next_close
CORT,BUY,513.0,71.68000030517578,36771.840156555176,91.92960039138794,-36863.76975694657,130552.21532150745,765.0,2025-06-02,2025-05-30,target_rebalance,0.2068768843578491,next_close
AEM,BUY,446.0,123.42982482910156,55049.7018737793,137.62425468444823,-55187.32612846375,75364.8891930437,720.0,2025-06-02,2025-05-30,target_rebalance,0.3353492297592232,next_close
PLTR,BUY,556.0,132.0399932861328,73414.23626708984,183.53559066772462,-73597.77185775757,1767.1173352861224,903.0,2025-06-02,2025-05-30,target_rebalance,0.45,next_close
AEM,SELL,720.0,117.15306091308594,84350.20385742188,210.8755096435547,84139.32834777833,85906.44568306445,0.0,2025-07-01,2025-06-30,target_exit,,next_close
PLTR,SELL,32.0,130.67999267578125,4181.759765625,10.4543994140625,4171.305366210938,90077.7510492754,871.0,2025-07-01,2025-06-30,target_rebalance,0.4426833414206903,next_close
CORT,BUY,69.0,69.30999755859375,4782.389831542969,11.955974578857422,-4794.345806121826,85283.40524315357,834.0,2025-07-01,2025-06-30,target_rebalance,0.225,next_close
GEV,BUY,165.0,504.63397216796875,83264.60540771484,208.16151351928713,-83472.76692123413,1810.6383219194395,165.0,2025-07-01,2025-06-30,target_rebalance,0.3247269486286789,next_close
CORT,SELL,834.0,69.0,57546.0,143.865,57402.135,59212.77332191944,0.0,2025-08-01,2025-07-31,target_exit,,next_close
PLTR,SELL,383.0,154.27000427246094,59085.41163635254,147.71352909088134,58937.698107261655,118150.4714291811,488.0,2025-08-01,2025-07-31,target_rebalance,0.249153455433651,next_close
GEV,BUY,42.0,655.0126342773438,27510.530639648438,68.77632659912109,-27579.306966247557,90571.16446293354,207.0,2025-08-01,2025-07-31,target_rebalance,0.45,next_close
AMD,BUY,519.0,171.6999969482422,89112.2984161377,222.78074604034424,-89335.07916217804,1236.0853007554979,519.0,2025-08-01,2025-07-31,target_rebalance,0.2955337505609614,next_close
PLTR,SELL,103.0,157.08999633789062,16180.269622802734,40.450674057006836,16139.818948745728,17375.904249501225,385.0,2025-09-02,2025-08-29,target_rebalance,0.2143534800229852,next_close
GEV,BUY,12.0,578.3666381835938,6940.399658203125,17.350999145507814,-6957.750657348633,10418.153592152594,219.0,2025-09-02,2025-08-29,target_rebalance,0.45,next_close
AMD,BUY,52.0,162.32000732421875,8440.640380859375,21.101600952148438,-8461.741981811523,1956.4116103410706,571.0,2025-09-02,2025-08-29,target_rebalance,0.3290075624858944,next_close
AMD,SELL,14.0,164.00999450683594,2296.139923095703,5.740349807739258,2290.399573287964,4246.8111836290345,557.0,2025-10-01,2025-09-30,target_rebalance,0.3051641008449611,next_close
PLTR,SELL,20.0,184.9499969482422,3698.9999389648438,9.24749984741211,3689.7524391174315,7936.563622746466,365.0,2025-10-01,2025-09-30,target_rebalance,0.225,next_close
GEV,BUY,3.0,604.7767333984375,1814.3302001953125,4.535825500488281,-1818.8660256958008,6117.697597050665,222.0,2025-10-01,2025-09-30,target_rebalance,0.45,next_close
GEV,SELL,222.0,580.1848754882812,128801.04235839844,322.0026058959961,128479.03975250245,134596.73734955312,0.0,2025-11-03,2025-10-31,target_exit,,next_close
PLTR,BUY,20.0,207.17999267578125,4143.599853515625,10.358999633789063,-4153.958853149414,130442.77849640371,385.0,2025-11-03,2025-10-31,target_rebalance,0.225,next_close
AMD,BUY,57.0,259.6499938964844,14800.04965209961,37.00012413024903,-14837.049776229858,115605.72872017385,614.0,2025-11-03,2025-10-31,target_rebalance,0.45,next_close
WDC,BUY,708.0,157.77638244628906,111705.67877197266,279.26419692993164,-111984.94296890259,3620.7857512712653,708.0,2025-11-03,2025-10-31,target_rebalance,0.315,next_close
PLTR,SELL,385.0,167.49000549316406,64483.652114868164,161.2091302871704,64322.442984580994,67943.22873585226,0.0,2025-12-01,2025-11-28,target_exit,,next_close
AMD,SELL,212.0,219.75999450683594,46589.11883544922,116.47279708862305,46472.646038360595,114415.87477421286,402.0,2025-12-01,2025-11-28,target_rebalance,0.2770583798206454,next_close
WDC,BUY,81.0,163.287841796875,13226.315185546875,33.06578796386719,-13259.380973510742,101156.49380070213,789.0,2025-12-01,2025-11-28,target_rebalance,0.405,next_close
MU,BUY,410.0,240.261962890625,98507.40478515625,246.26851196289064,-98753.67329711914,2402.8205035829887,410.0,2025-12-01,2025-11-28,target_rebalance,0.3098577788723029,next_close
WDC,SELL,55.0,187.56130981445312,10315.872039794922,25.789680099487306,10290.082359695434,12692.902863278423,734.0,2026-01-02,2025-12-31,target_rebalance,0.3723161813020909,next_close
AMD,SELL,48.0,223.47000122070312,10726.56005859375,26.816400146484376,10699.743658447265,23392.64652172569,354.0,2026-01-02,2025-12-31,target_rebalance,0.2135951222769413,next_close
MU,BUY,64.0,315.2875671386719,20178.404296875,50.446010742187504,-20228.850307617187,3163.796214108501,474.0,2026-01-02,2025-12-31,target_rebalance,0.405,next_close
AMD,SELL,354.0,246.27000427246094,87179.58151245117,217.94895378112793,86961.63255867004,90125.42877277854,0.0,2026-02-02,2026-01-30,target_exit,,next_close
WDC,SELL,9.0,270.03033447265625,2430.2730102539062,6.0756825256347655,2424.1973277282714,92549.62610050681,725.0,2026-02-02,2026-01-30,target_rebalance,0.3948918271088738,next_close
MU,SELL,15.0,437.61614990234375,6564.242248535156,16.41060562133789,6547.8316429138185,99097.45774342063,459.0,2026-02-02,2026-01-30,target_rebalance,0.405,next_close
LRCX,BUY,411.0,237.04879760742188,97427.05581665039,243.567639541626,-97670.62345619201,1426.8342872286157,411.0,2026-02-02,2026-01-30,target_rebalance,0.1966170836698715,next_close
WDC,SELL,2.0,269.8804016113281,539.7608032226562,1.3494020080566407,538.4114012145997,1965.2456884432154,723.0,2026-03-02,2026-02-27,target_rebalance,0.405,next_close
MU,SELL,21.0,412.4967346191406,8662.431427001953,21.656078567504885,8640.775348434448,10606.021036877664,438.0,2026-03-02,2026-02-27,target_rebalance,0.3753811372699752,next_close
LRCX,BUY,30.0,230.56114196777344,6916.834259033203,17.292085647583008,-6934.126344680786,3671.894692196878,441.0,2026-03-02,2026-02-27,target_rebalance,0.2115667030610753,next_close
LRCX,SELL,172.0,221.8537139892578,38158.838806152344,95.39709701538087,38063.44170913696,41735.33640133384,269.0,2026-04-01,2026-03-31,target_rebalance,0.1246678203173293,next_close
MU,SELL,333.0,367.8500061035156,122494.0520324707,306.23513008117675,122187.81690238953,163923.15330372337,105.0,2026-04-01,2026-03-31,target_rebalance,0.0804348027785999,next_close
WDC,SELL,495.0,297.65240478515625,147337.94036865234,368.3448509216309,146969.59551773072,310892.7488214541,228.0,2026-04-01,2026-03-31,target_rebalance,0.14175,next_close
LRCX,BUY,167.0,256.5392761230469,42842.05911254883,107.10514778137207,-42949.1642603302,267943.5845611239,436.0,2026-05-01,2026-04-30,target_rebalance,0.2090719973275736,next_close
WDC,BUY,274.0,431.4075012207031,118205.65533447266,295.51413833618165,-118501.16947280883,149442.4150883151,502.0,2026-05-01,2026-04-30,target_rebalance,0.405,next_close
MU,BUY,267.0,542.2100219726562,144770.07586669922,361.92518966674805,-145132.00105636596,4310.414031949127,372.0,2026-05-01,2026-04-30,target_rebalance,0.3770946536271122,next_close
MU,SELL,58.0,1035.5,60059.0,150.1475,59908.8525,64219.26653194913,314.0,2026-06-01,2026-05-29,target_rebalance,0.405,next_close
LRCX,BUY,51.0,316.8967590332031,16161.73471069336,40.4043367767334,-16202.139047470093,48017.12748447903,487.0,2026-06-01,2026-05-29,target_rebalance,0.1927496385857463,next_close
WDC,BUY,76.0,546.0576171875,41500.37890625,103.750947265625,-41604.129853515624,6412.997630963408,578.0,2026-06-01,2026-05-29,target_rebalance,0.394031787454892,next_close
