fill_date,gross_value,portfolio,price_return,reason,relative_return,signal_date,ticker
2019-06-24,1376.79669380188,main,0.0054780844892448,weekly_relative_trim,-0.0655174944779229,2019-06-21,ORLY
2019-07-08,1911.7186279296875,main,0.0031159816891728,weekly_relative_trim,-0.0816444253729851,2019-07-05,AMT
2019-07-08,47.54307556152344,main,0.01123736733178,weekly_relative_trim,-0.0742092733918304,2019-07-05,PEG
2019-07-22,43.17637634277344,main,-0.056494822233579,weekly_relative_exit,-0.1324687682277127,2019-07-19,CSX
2019-07-22,3149.5352783203125,main,-0.0085586050467926,weekly_relative_trim,-0.0883925230490646,2019-07-19,FDS
2019-07-29,1409.824779510498,main,0.0358058117381145,weekly_relative_trim,-0.0628632973384494,2019-07-26,ELS
2019-08-05,6882.5079345703125,main,-0.0069318852554574,weekly_relative_trim,-0.0726985436138362,2019-08-02,NOW
2019-08-05,2623.607666015625,main,0.0055179443663586,weekly_relative_trim,-0.0610732130160056,2019-08-02,UNH
2019-08-15,3683.579933166504,main,-0.0851376034797878,daily_hard_stop_exit,-0.0498838543001276,2019-08-14,CBRE
2019-08-15,7870.146389007568,main,-0.0944358086473007,daily_hard_stop_exit,-0.0569249928838349,2019-08-14,ORCL
2019-08-26,3424.0623474121094,main,-0.0858808157642851,daily_hard_stop_exit,-0.0538217377848476,2019-08-23,UNP
2019-08-28,2434.0046997070312,main,-0.1035387354632594,daily_hard_stop_exit,-0.1461289404440616,2019-08-27,UNH
2019-09-16,3633.71467590332,main,-0.0489004149055911,weekly_relative_trim,-0.0815943503255404,2019-09-13,AMGN
2019-09-16,777.5109329223633,main,-0.053439145409678,weekly_relative_trim,-0.0859770625069251,2019-09-13,ELS
2019-09-16,6239.417816162109,main,0.0343809772893271,weekly_relative_trim,-0.0612928776875665,2019-09-13,KO
2019-09-16,6946.589939117432,main,-0.0588526685446377,weekly_relative_exit,-0.1459029868301844,2019-09-13,NOW
2019-10-23,8932.405776977539,main,-0.0871147328171629,daily_hard_stop_exit,-0.1047306052720317,2019-10-22,NOW
2019-10-28,1055.3665924072266,main,-0.0426295930787443,weekly_relative_trim,-0.0691668290642127,2019-10-25,DHR
2019-11-11,5881.611236572266,main,-0.0523139598141816,weekly_relative_trim,-0.1122426420415069,2019-11-08,BKNG
2019-11-11,2281.457534790039,main,-0.0413987489914767,weekly_relative_trim,-0.1020176747943114,2019-11-08,DUK
2019-11-11,1075.997314453125,main,-0.0587070083451666,weekly_relative_trim,-0.067238130617945,2019-11-08,O
2019-11-11,2430.546203613281,main,-0.009028489677555,weekly_relative_trim,-0.071694408790178,2019-11-08,PG
2019-11-11,1141.564842224121,main,-0.054759845343084,weekly_relative_trim,-0.0633267415252615,2019-11-08,SUI
2019-11-18,5773.834228515625,main,-0.0676297916077106,weekly_relative_exit,-0.1345734527705249,2019-11-15,BKNG
2019-11-25,2373.8986587524414,main,-0.061325264292762,weekly_relative_exit,-0.1263961291307834,2019-11-22,DUK
2019-12-09,186.0384063720703,main,0.0831670387267191,weekly_relative_trim,-0.0643594894061936,2019-12-06,HD
2019-12-13,102.19227600097656,main,-0.0952843913320283,daily_hard_stop_exit,-0.1266370806260776,2019-12-12,O
2019-12-16,51.87077713012695,main,-0.0414935187421441,weekly_relative_trim,-0.0752643643230872,2019-12-13,LPX
2019-12-18,3043.943214416504,main,-0.0818462114070314,daily_hard_stop_exit,-0.1204319218597885,2019-12-17,SUI
2019-12-23,4697.3704833984375,main,0.0007259568992994,weekly_relative_trim,-0.0895233627301472,2019-12-20,ORCL
2019-12-30,2152.60791015625,main,-0.0077761344190868,weekly_relative_trim,-0.0637638427077943,2019-12-27,COST
2019-12-30,3090.1681518554688,main,-0.0265354709111959,weekly_relative_trim,-0.0649622892207021,2019-12-27,DIS
2019-12-30,1886.5591735839844,main,-0.0254585248413219,weekly_relative_trim,-0.0639278548291888,2019-12-27,JKHY
2019-12-30,2536.3800659179688,main,-0.0255646566095802,weekly_relative_trim,-0.0640297971215557,2019-12-27,VEEV
2020-01-28,5677.829498291016,main,-0.0879056641434818,daily_hard_stop_exit,-0.1256429625239411,2020-01-27,DIS
2020-02-06,4543.690776824951,main,0.7075721488000573,daily_trailing_stop_exit,0.6665833386734639,2020-02-05,TSLA
2020-02-26,3615.6534576416016,main,-0.0929098124178658,daily_hard_stop_exit,-0.0596319654345443,2020-02-25,DIS
2020-02-28,1504.1199951171875,main,-0.1195920979116488,daily_hard_stop_exit,-0.0408465160313482,2020-02-27,FICO
2020-02-28,5911.485763549805,main,-0.1129586882888792,daily_hard_stop_exit,-0.0336197999430684,2020-02-27,GOOG
2020-02-28,2598.75,main,-0.0921143856462356,daily_hard_stop_exit,-0.0109111379090669,2020-02-27,WDAY
2020-03-10,2693.5216064453125,main,-0.1163575992532756,daily_hard_stop_exit,-0.0040293241726591,2020-03-09,BKNG
2020-03-10,85.2652587890625,main,-0.2152398225171895,daily_hard_stop_exit,-0.0703243766086415,2020-03-09,CP
2020-03-10,126.99636840820312,main,-0.1249361540012005,daily_hard_stop_exit,-0.013698381432352,2020-03-09,GOOG
2020-03-10,2995.3500366210938,main,-0.1595832069906552,daily_hard_stop_exit,-0.0527497541960088,2020-03-09,MELI
2020-03-10,4754.560104370117,main,-0.1518873171168818,daily_hard_stop_exit,-0.0440755658227509,2020-03-09,NOW
2020-03-10,135.19000244140625,main,-0.1150400838327275,daily_hard_stop_exit,0.0483784541388689,2020-03-09,SNPS
2020-03-10,4388.243934631348,main,-0.1823781431737969,daily_hard_stop_exit,-0.0784423737178645,2020-03-09,TSLA
2020-03-12,1878.760055541992,main,-0.1180936037612176,daily_hard_stop_exit,-0.0064567086643362,2020-03-11,MEDP
2020-03-13,3408.911148071289,main,-0.0952023548593146,daily_hard_stop_exit,0.1271771856344929,2020-03-12,AMT
2020-03-13,5342.98405456543,main,-0.0850539032196308,daily_hard_stop_exit,0.1436010833628291,2020-03-12,BABA
2020-03-13,3233.133575439453,main,-0.0853609911213076,daily_hard_stop_exit,0.1394373420800674,2020-03-12,DPZ
2020-03-13,2011.676788330078,main,-0.1674767895773417,daily_hard_stop_exit,0.0371392701333728,2020-03-12,DUK
2020-03-13,3464.813232421875,main,-0.1309585302538426,daily_hard_stop_exit,0.0826329216582195,2020-03-12,EDU
2020-03-13,5009.23974609375,main,-0.1566521904193213,daily_hard_stop_exit,0.0506243198349132,2020-03-12,KO
2020-03-13,301.74737548828125,main,-0.0936934103345231,daily_hard_stop_exit,0.132802469399581,2020-03-12,MSFT
2020-03-13,2971.260131835937,main,-0.0872679015881633,daily_hard_stop_exit,0.1370617545828727,2020-03-12,PODD
2020-03-13,3049.0200119018555,main,-0.1010947881925604,daily_hard_stop_exit,0.1770071711556198,2020-03-12,SHOP
2020-03-13,236.02731323242188,main,-0.1441949022894614,daily_hard_stop_exit,0.0508014513263213,2020-03-12,SPGI
2020-03-13,7867.10107421875,main,-0.0831163826806475,daily_hard_stop_exit,0.1422336263526697,2020-03-12,UNH
2020-03-13,5494.807777404785,main,-0.1067689265452299,daily_hard_stop_exit,0.1127678027294982,2020-03-12,VZ
2020-03-17,4267.336910247803,main,-0.0805890279256091,daily_hard_stop_exit,0.2453155805822817,2020-03-16,JD
2020-03-17,3722.320068359375,main,-0.160499842115761,daily_hard_stop_exit,0.0818474844620427,2020-03-16,VEEV
2020-03-19,1811.5601806640625,main,-0.1703311243186499,daily_hard_stop_exit,0.0685097687007396,2020-03-18,TT
2020-03-23,270.8185195922852,main,-0.1258522008744313,daily_hard_stop_exit,0.1571045520731639,2020-03-20,AAPL
2020-04-03,1967.074966430664,main,-0.0997477858997512,daily_hard_stop_exit,-0.1200532024244945,2020-04-02,SHOP
2020-04-06,4103.240127563477,main,-0.0860584664153802,daily_hard_stop_exit,-0.0935708277584436,2020-04-03,NOW
2020-04-27,1322.170440673828,main,0.0716716783248838,weekly_relative_trim,-0.0677740349591953,2020-04-24,BKNG
2020-05-04,4883.120292663574,main,0.050357678031873,weekly_relative_trim,-0.0857331846584985,2020-05-01,AAPL
2020-05-04,5907.378372192383,main,0.0536928291494447,weekly_relative_trim,-0.0828301564284784,2020-05-01,AMGN
2020-05-04,2541.478729248047,main,0.0287614057945753,weekly_relative_trim,-0.1045313097682605,2020-05-01,BABA
2020-05-04,182.6249885559082,main,0.0639931687810131,weekly_relative_trim,-0.073864392756873,2020-05-01,CHRW
2020-05-04,2295.124137878418,main,0.0114886625139003,weekly_relative_trim,-0.1195660891788555,2020-05-01,JD
2020-05-04,3482.3010635375977,main,0.0274744309722385,weekly_relative_trim,-0.1056515361414778,2020-05-01,PG
2020-05-11,964.7296142578124,main,-0.0307691745150069,weekly_relative_trim,-0.0627519171753431,2020-05-08,GILD
2020-05-11,3567.563690185547,main,0.019822558149972,weekly_relative_exit,-0.1416039724404332,2020-05-08,PG
2020-05-11,277.24501037597656,main,0.0886812659156632,weekly_relative_trim,-0.0836448297086029,2020-05-08,VZ
2020-05-20,882.2262382507324,main,-0.0951844291038254,daily_hard_stop_exit,-0.1236332441046897,2020-05-19,GILD
2020-05-26,5728.17854309082,main,0.0399281656732821,weekly_relative_exit,-0.1335694349987014,2020-05-22,AMGN
2020-05-26,266.9219970703125,main,0.0332922680172778,weekly_relative_exit,-0.1390982251066799,2020-05-22,VZ
2020-06-08,12995.328140258787,main,0.1004180100900546,weekly_relative_exit,-0.1517885659967712,2020-06-05,AAPL
2020-06-08,2158.409225463867,main,-0.0019140755133738,weekly_relative_trim,-0.1161498874636649,2020-06-05,ABT
2020-06-08,2093.1967163085938,main,0.0078658379351814,weekly_relative_trim,-0.107489332906153,2020-06-05,DPZ
2020-06-08,14263.78857421875,main,0.028395592639971,weekly_relative_exit,-0.2073040495907877,2020-06-05,UNH
2020-06-08,3057.040008544922,main,0.032722537094898,weekly_relative_trim,-0.0854776044461033,2020-06-05,VEEV
2020-06-08,2120.080078125,main,0.1783307054983953,weekly_relative_trim,-0.0917328067367451,2020-06-05,VRTX
2020-07-20,1866.2600402832031,main,-0.0348741466818783,weekly_relative_trim,-0.0684728891582263,2020-07-17,PDD
2020-07-20,2133.8900604248047,main,-0.0451245591192601,weekly_relative_trim,-0.0783664559401157,2020-07-17,WDAY
2020-08-10,5478.477401733398,main,-0.0013254175002593,weekly_relative_trim,-0.0731135495715705,2020-08-07,ORCL
2020-08-10,666.0,main,-0.0542176031056544,weekly_relative_trim,-0.0705572582600488,2020-08-07,TAL
2020-08-10,2687.300109863281,main,0.1342446161502029,weekly_relative_exit,-0.1691694932496613,2020-08-07,VRTX
2020-08-11,5416.20002746582,main,0.235270786623553,daily_trailing_stop_exit,0.119835551984557,2020-08-10,SE
2020-08-11,748.8999938964844,main,-0.0860812784441575,daily_hard_stop_exit,-0.1045466761732177,2020-08-10,TAL
2020-08-17,1701.8880500793457,main,-0.0382768030426264,weekly_relative_trim,-0.0612607466842441,2020-08-14,JD
2020-08-17,4369.820014953613,main,-0.0661499911371995,weekly_relative_exit,-0.1391189715794808,2020-08-14,PDD
2020-08-31,3911.291976928711,main,0.0469891969461031,weekly_relative_trim,-0.0726477924757529,2020-08-28,ORLY
2020-08-31,11630.59066772461,main,0.0483150375546743,weekly_relative_trim,-0.0714734525505941,2020-08-28,UNH
2020-09-04,8072.399658203125,main,-0.0880099210418979,daily_hard_stop_exit,-0.0689727136878662,2020-09-03,SE
2020-09-08,9748.93928527832,main,-0.094399817233957,daily_hard_stop_exit,-0.0678853971089474,2020-09-04,CRM
2020-09-08,1877.220016479492,main,-0.1073422831364723,daily_hard_stop_exit,-0.0812067962150148,2020-09-04,WDAY
2020-09-09,3132.7229919433594,main,0.3713952994042475,daily_trailing_stop_exit,0.1587819726753951,2020-09-08,SHOP
2020-09-14,5048.143196105957,main,-0.084295205846631,daily_hard_stop_exit,-0.0334749400789781,2020-09-11,GOOG
2020-09-14,4511.14453125,main,-0.0596633345479924,weekly_relative_trim,-0.0744979105949401,2020-09-11,MSFT
2020-09-21,3848.6109619140634,main,0.1515710179470413,daily_trailing_stop_exit,-0.0233378675808085,2020-09-18,AMZN
2020-09-21,4476.960388183594,main,-0.1019152486867814,daily_hard_stop_exit,-0.0461150624887291,2020-09-18,BKNG
2020-10-12,4390.6962890625,main,-0.0844047903054663,daily_hard_stop_exit,-0.1103006511646879,2020-10-09,DPZ
2020-10-20,4252.478546142578,main,-0.0803236794362894,daily_hard_stop_exit,-0.055627537752524,2020-10-19,AMGN
2020-11-03,467.3978271484375,main,-0.0828566007426863,daily_hard_stop_exit,-0.0638582798510788,2020-11-02,CRM
2020-11-09,1554.671630859375,main,-0.003398137146089,weekly_relative_trim,-0.0602066550876195,2020-11-06,AEP
2020-11-09,1802.650047302246,main,-0.0075944128552767,weekly_relative_trim,-0.0641637337685874,2020-11-06,CBRE
2020-11-09,8747.111587524414,main,-0.0123674851132288,weekly_relative_exit,-0.1276644408827878,2020-11-06,ORCL
2020-11-09,1491.3794021606443,main,-0.0200147710401801,weekly_relative_trim,-0.075876103972446,2020-11-06,PWR
2020-11-11,5045.729064941406,main,-0.0810548377779852,daily_hard_stop_exit,-0.1251799701985654,2020-11-10,BABA
2020-11-16,173.21099853515625,main,-0.015114255290163,weekly_relative_trim,-0.0730356671872947,2020-11-13,CLX
2020-11-16,4890.697021484375,main,0.179256475161663,weekly_relative_trim,-0.0765230891508375,2020-11-13,HD
2020-11-16,1323.0999755859375,main,-0.0116400351355182,weekly_relative_trim,-0.0886441996153453,2020-11-13,VEEV
2020-11-20,1420.8382873535156,main,-0.0888242231658237,daily_hard_stop_exit,-0.1590635074553196,2020-11-19,AEP
2020-11-30,97.76252746582033,main,-0.006087467438987,weekly_relative_trim,-0.078867520853655,2020-11-27,ABT
2020-11-30,120.76677703857422,main,0.0010029983511443,weekly_relative_trim,-0.072296260186746,2020-11-27,PG
2020-12-07,167.3224639892578,main,-0.0502583741801672,weekly_relative_exit,-0.1345114554874277,2020-12-04,CLX
2020-12-07,1575.887508392334,main,0.0307747583151281,weekly_relative_trim,-0.0606669003010554,2020-12-04,CPRT
2020-12-07,3464.6875762939453,main,0.1293042771802282,weekly_relative_exit,-0.1437365161211835,2020-12-04,HD
2020-12-07,2500.0799865722656,main,0.0411815604699208,weekly_relative_trim,-0.07043885244324,2020-12-04,WDAY
2020-12-15,4192.7999267578125,main,0.2166950804208369,daily_trailing_stop_exit,0.2212328020546898,2020-12-14,CHPT
2020-12-21,5165.321960449219,main,-0.0530497023301579,weekly_relative_trim,-0.0651399133724001,2020-12-18,COST
2021-01-11,6967.5726318359375,main,0.0512260240732049,weekly_relative_trim,-0.0934231183617599,2021-01-08,GOOGL
2021-01-19,10244.942176818848,main,-0.025378816475353,weekly_relative_exit,-0.1293795474534587,2021-01-15,CPRT
2021-01-19,8249.045989990234,main,-0.0221227492447713,weekly_relative_exit,-0.1264709314970938,2021-01-15,PG
2021-01-25,1521.7763671875,main,-0.0244741518606217,weekly_relative_trim,-0.0713894045613716,2021-01-22,MSCI
2021-02-03,3196.059898376465,main,-0.0812384722936661,daily_hard_stop_exit,-0.0940486611876727,2021-02-02,CRUS
2021-02-26,9828.659912109377,main,0.1884855075005553,daily_trailing_stop_exit,0.0220811402649478,2021-02-25,MELI
2021-02-26,3485.2827072143555,main,-0.0916636707536657,daily_hard_stop_exit,-0.106155568716412,2021-02-25,QGEN
2021-03-04,3297.7801208496094,main,-0.098588377899096,daily_hard_stop_exit,-0.0793039317274055,2021-03-03,RGEN
2021-03-04,2234.4793701171875,main,-0.0933584983948329,daily_hard_stop_exit,-0.0739621662353078,2021-03-03,TER
2021-03-05,3798.2879333496094,main,-0.1183172445884761,daily_hard_stop_exit,-0.0881710717112141,2021-03-04,NOW
2021-03-05,4071.6359252929688,main,-0.1225247160017161,daily_hard_stop_exit,-0.0925224034413551,2021-03-04,SHOP
2021-03-05,3081.260055541992,main,-0.0888053666029656,daily_hard_stop_exit,-0.0576501344351331,2021-03-04,WDAY
2021-03-08,3715.200164794922,main,-0.0709825203338377,weekly_relative_trim,-0.106919656449734,2021-03-05,PDD
2021-03-09,3576.270126342773,main,-0.0984875098080444,daily_hard_stop_exit,-0.0799243829288892,2021-03-08,MEDP
2021-03-09,4317.039794921875,main,-0.1848437386688314,daily_hard_stop_exit,-0.2124553439258507,2021-03-08,PDD
2021-03-09,6625.630035400391,main,-0.1292287308610679,daily_hard_stop_exit,-0.1417519820393149,2021-03-08,SE
2021-03-22,7019.840637207031,main,-0.0352099180083681,weekly_relative_trim,-0.071073828622689,2021-03-19,MSFT
2021-04-19,1607.7585067749023,main,-0.0426736367497873,weekly_relative_trim,-0.0808739163449181,2021-04-16,WSM
2021-04-21,2168.3276138305664,main,-0.1130208057290631,daily_hard_stop_exit,-0.1378975608132973,2021-04-20,FUTU
2021-05-07,3216.059875488281,main,-0.0879972124738818,daily_hard_stop_exit,-0.0898902595861944,2021-05-06,CRWD
2021-05-10,2392.867584228516,main,0.0202567245420315,weekly_relative_trim,-0.0614658290008955,2021-05-07,AMZN
2021-05-10,1112.750015258789,main,-0.0563192074970023,weekly_relative_trim,-0.0650823952625504,2021-05-07,SE
2021-05-11,1143.8500213623047,main,-0.125952370907358,daily_hard_stop_exit,-0.1254085063787483,2021-05-10,SE
2021-05-13,3103.844223022461,main,-0.0860728810027092,daily_hard_stop_exit,-0.0572400175077725,2021-05-12,MORN
2021-05-13,4597.181091308594,main,-0.0880042946349347,daily_hard_stop_exit,-0.0988023593740206,2021-05-12,TER
2021-05-21,3854.409149169922,main,-0.081628552965822,daily_hard_stop_exit,-0.1140704191649976,2021-05-20,WSM
2021-06-07,3231.1500549316406,main,-0.0681316899347102,weekly_relative_trim,-0.0745927329704498,2021-06-04,CRWD
2021-06-14,820.7171287536621,main,-0.0103075072677224,weekly_relative_trim,-0.0655871878221898,2021-06-11,CSX
2021-06-18,5078.951766967773,main,-0.0872187439121394,daily_hard_stop_exit,-0.0921939764141002,2021-06-17,WSM
2021-06-21,3292.0264434814453,main,-0.0870697913377609,daily_hard_stop_exit,-0.0796296654086954,2021-06-18,MS
2021-07-07,3045.42008972168,main,-0.1293329317659641,daily_hard_stop_exit,-0.1343608735907416,2021-07-06,NTLA
2021-07-16,3432.449935913086,main,-0.0973185913648637,daily_hard_stop_exit,-0.1062883690634038,2021-07-15,ENPH
2021-07-26,5260.9599609375,main,-0.0509499109618843,weekly_relative_trim,-0.0714653123970949,2021-07-23,TSLA
2021-08-23,1942.8425979614256,main,-0.0560640783456438,weekly_relative_trim,-0.0683487589750848,2021-08-20,WMS
2021-08-30,5528.7935791015625,main,0.0562982616397169,weekly_relative_trim,-0.0632230974154965,2021-08-27,HD
2021-09-13,11496.360168457031,main,0.0302611829786536,weekly_relative_trim,-0.0764480186525402,2021-09-10,UNH
2021-09-30,5354.700315475464,main,-0.0933195654389194,daily_hard_stop_exit,-0.0601219524497915,2021-09-29,AMKR
2021-10-11,2638.0200576782227,main,-0.0760292681576664,weekly_relative_trim,-0.083668196941873,2021-10-08,CROX
2021-10-11,4312.899948120117,main,-0.0810369560710526,daily_hard_stop_exit,-0.0886344837913233,2021-10-08,RGEN
2021-10-12,2731.889923095703,main,-0.1098986863148571,daily_hard_stop_exit,-0.1108201732254264,2021-10-11,CROX
2021-10-18,3467.579132080078,main,-0.0371133243783592,weekly_relative_trim,-0.0622291870511689,2021-10-15,PWR
2021-11-05,266.82000732421875,main,-0.0901238293802075,daily_hard_stop_exit,-0.1035115686779638,2021-11-04,RGEN
2021-11-08,5431.650032043457,main,0.0010590901217619,weekly_relative_trim,-0.0722048119477128,2021-11-05,PANW
2021-11-22,251.9199981689453,main,-0.0131468742161854,weekly_relative_trim,-0.0860733075712393,2021-11-19,AN
2021-11-22,718.9199981689453,main,-0.0428725636929838,weekly_relative_trim,-0.0609377510810918,2021-11-19,CRWD
2021-11-22,4187.820068359375,main,0.0385206307320673,weekly_relative_trim,-0.0764839274656643,2021-11-19,SE
2021-11-23,691.7400054931641,main,-0.1097076664002695,daily_hard_stop_exit,-0.1240453877285305,2021-11-22,CRWD
2021-11-29,3509.35693359375,main,-0.0147334002137669,weekly_relative_trim,-0.0678211716818487,2021-11-26,CRM
2021-12-06,753.4997177124023,main,-0.0427713805579057,weekly_relative_trim,-0.0832628380003009,2021-12-03,ORCL
2021-12-13,4070.1470336914062,main,-0.0590352284140673,weekly_relative_trim,-0.0994929060780405,2021-12-10,HLI
2021-12-15,151.3300018310547,main,-0.0844213245335189,daily_hard_stop_exit,-0.0909814465335351,2021-12-14,CROX
2021-12-17,2779.139923095703,main,-0.0909974593248943,daily_hard_stop_exit,-0.1220803112712386,2021-12-16,SHOP
2021-12-20,106.66510772705078,main,-0.0669409893202284,weekly_relative_exit,-0.12202770397415,2021-12-17,PWR
2022-01-10,8251.966552734375,main,-0.0545125098241902,weekly_relative_trim,-0.070052210938057,2022-01-07,GOOGL
2022-01-10,3255.2999877929688,main,-0.0991944207085503,daily_hard_stop_exit,-0.0767364965780503,2022-01-07,ISRG
2022-01-10,10315.254272460938,main,-0.0010415802213813,weekly_relative_trim,-0.0683927296877022,2022-01-07,MSFT
2022-01-20,8845.7080078125,main,-0.0866985220370424,daily_hard_stop_exit,-0.0342152507782188,2022-01-19,AAPL
2022-01-20,4201.496246337891,main,-0.0844641718428834,daily_hard_stop_exit,-0.0318525026670996,2022-01-19,EXP
2022-01-21,7756.978454589844,main,-0.0801100656469114,daily_hard_stop_exit,-0.0560612437857539,2022-01-20,GOOGL
2022-01-24,9153.07453918457,main,-0.0973085607646228,daily_hard_stop_exit,-0.0154238107382501,2022-01-21,CSCO
2022-01-24,4239.402095794678,main,-0.0830717992131346,daily_hard_stop_exit,-0.0601626221345683,2022-01-21,FTNT
2022-01-26,10025.32211303711,main,-0.0823157801940204,daily_hard_stop_exit,-0.0819029964111475,2022-01-25,MSFT
2022-01-26,3568.5748596191406,main,-0.0884692709152414,daily_hard_stop_exit,0.0022493046159326,2022-01-25,STE
2022-01-27,5595.574638366699,main,-0.0930057209291818,daily_hard_stop_exit,-0.0002303651982424,2022-01-26,COO
2022-01-27,9737.942504882812,main,-0.0900784225025315,daily_hard_stop_exit,-0.0374849330037532,2022-01-26,FDS
2022-01-28,4228.875198364258,main,-0.0987872617516264,daily_hard_stop_exit,-0.001673593415038,2022-01-27,PLD
2022-02-22,6508.008934020996,main,-0.0820584928925691,daily_hard_stop_exit,-0.042485561259108,2022-02-18,MS
2022-02-24,14018.698364257812,main,-0.0821031850564616,daily_hard_stop_exit,-0.0146668572999314,2022-02-23,AAPL
2022-02-24,2362.250061035156,main,-0.085902681227482,daily_hard_stop_exit,-0.0187454960335222,2022-02-23,FICO
2022-02-24,13394.02178955078,main,-0.0903954223820682,daily_hard_stop_exit,-0.0235683112880437,2022-02-23,MSFT
2022-02-24,3656.540199279785,main,-0.0831164308844683,daily_hard_stop_exit,-0.0157545445865453,2022-02-23,PLD
2022-03-02,544.648681640625,main,-0.0910044908182085,daily_hard_stop_exit,-0.0424451259634055,2022-03-01,AMP
2022-03-07,1384.243621826172,main,-0.0957018325781475,daily_hard_stop_exit,-0.0606472545632607,2022-03-04,BAC
2022-03-08,3654.156074523926,main,-0.1375248404727591,daily_hard_stop_exit,-0.1158307067497642,2022-03-07,FTNT
2022-03-08,1136.1785202026367,main,-0.0827829148434524,daily_hard_stop_exit,-0.0094807919506516,2022-03-07,GOOG
2022-03-09,5548.618240356445,main,-0.0858382941815735,daily_hard_stop_exit,-0.0556847174562706,2022-03-08,BRO
2022-03-09,3421.945022583008,main,-0.0894668241781128,daily_hard_stop_exit,-0.0594329343276313,2022-03-08,PANW
2022-04-11,3960.7920837402335,main,-0.0187129823892138,weekly_relative_trim,-0.0601983341074727,2022-04-08,GOOGL
2022-04-22,9254.007133483889,main,-0.0890756599505732,daily_hard_stop_exit,-0.1086467439672206,2022-04-21,FCX
2022-04-22,3678.299285888672,main,-0.0810927429370701,daily_hard_stop_exit,-0.1008353388265486,2022-04-21,GOOGL
2022-04-25,3493.69189453125,main,-0.1024158585898594,daily_hard_stop_exit,-0.0457849118399183,2022-04-22,FTNT
2022-04-25,7538.054504394531,main,-0.0987074020709453,daily_hard_stop_exit,-0.0418424790351518,2022-04-22,UNP
2022-04-27,3955.551601409912,main,-0.0948180564373931,daily_hard_stop_exit,-0.0147202276456043,2022-04-26,BRO
2022-04-27,2554.1061210632324,main,-0.0862381656605194,daily_hard_stop_exit,-0.0053811186503539,2022-04-26,OKE
2022-05-04,4795.0068359375,main,-0.0870056574198072,daily_hard_stop_exit,-0.006884645023398,2022-05-03,PANW
2022-05-09,2106.7965087890625,main,-0.0799973967783159,weekly_relative_trim,-0.0729743704244457,2022-05-06,PLD
2022-05-10,4254.538536071777,main,-0.1159778603206453,daily_hard_stop_exit,-0.079766211643968,2022-05-09,FCX
2022-05-10,1996.0219116210935,main,-0.1355712775620321,daily_hard_stop_exit,-0.1001622218405244,2022-05-09,PLD
2022-05-12,4431.847068786621,main,-0.0987682836156879,daily_hard_stop_exit,-0.0489050960186971,2022-05-11,STLD
2022-05-19,3457.9595947265625,main,-0.0980472454139915,daily_hard_stop_exit,-0.0459822653579417,2022-05-18,FDS
2022-05-20,3621.8070678710938,main,-0.086788127775119,daily_hard_stop_exit,-0.0281208111098291,2022-05-19,MKC
2022-05-20,4183.707046508789,main,-0.096249151217209,daily_hard_stop_exit,-0.0381896374891526,2022-05-19,RS
2022-06-10,3069.9956665039062,main,-0.0855069057140167,daily_hard_stop_exit,-0.0669408808946171,2022-06-09,STLD
2022-06-13,840.2359466552734,main,-0.1011887367693803,daily_hard_stop_exit,-0.0442808588379244,2022-06-10,WY
2022-06-14,4385.555633544922,main,-0.0873633362236622,daily_hard_stop_exit,-0.0031815958797596,2022-06-13,AEE
2022-06-14,4424.44314956665,main,-0.0872025350758567,daily_hard_stop_exit,-0.0030059624103865,2022-06-13,ETR
2022-06-14,3026.5108184814453,main,-0.1120143568692253,daily_hard_stop_exit,-0.0301064303020017,2022-06-13,EXC
2022-06-14,828.3823394775391,main,-0.0853163807809181,daily_hard_stop_exit,-0.0009458289653576,2022-06-13,RS
2022-06-15,2601.844062805176,main,-0.1234999547142469,daily_hard_stop_exit,-0.0397579709233107,2022-06-14,EXE
2022-06-15,4242.846794128418,main,-0.0869850451212397,daily_hard_stop_exit,0.0002456218519866,2022-06-14,VICI
2022-06-17,900.0321044921875,main,-0.0988243233713352,daily_hard_stop_exit,0.0187355010713423,2022-06-16,CSL
2022-06-17,4008.726127624512,main,-0.1256459797596669,daily_hard_stop_exit,-0.0232462680234013,2022-06-16,FANG
2022-06-17,797.8291988372803,main,-0.1203330538303902,daily_hard_stop_exit,-0.0173111203497967,2022-06-16,FCX
2022-06-17,8440.340576171875,main,-0.1048927643693314,daily_hard_stop_exit,-6.254596828625392e-05,2022-06-16,LOW
2022-06-17,916.2299270629884,main,-0.1058741302949918,daily_hard_stop_exit,0.0107660354331937,2022-06-16,LYB
2022-06-17,3995.621063232422,main,-0.1141319202505695,daily_hard_stop_exit,-0.0103837428501079,2022-06-16,MTDR
2022-06-21,13213.172790527344,main,-0.0890341681228042,daily_hard_stop_exit,0.0154639260708997,2022-06-17,HD
2022-06-21,799.4957733154297,main,-0.0873234364481039,daily_hard_stop_exit,0.0295169990518382,2022-06-17,WEC
2022-06-24,927.2815704345704,main,-0.0848953096216256,daily_hard_stop_exit,-0.0010547142060902,2022-06-23,CB
2022-06-24,7140.43936920166,main,-0.1386787356129395,daily_hard_stop_exit,-0.0597657014983245,2022-06-23,VLO
2022-07-07,4789.903274536133,main,-0.0901740029132159,daily_hard_stop_exit,-0.0949455185191098,2022-07-06,FANG
2022-07-11,392.2702407836914,main,-0.0481613436824023,weekly_relative_trim,-0.0663571483806524,2022-07-08,AEE
2022-07-11,432.7923545837402,main,-0.0451866442150076,weekly_relative_trim,-0.0634393146963244,2022-07-08,ETR
2022-07-11,2141.1277770996094,main,-0.0597421809817568,weekly_relative_trim,-0.077716600834642,2022-07-08,JD
2022-07-12,2161.6085815429688,main,-0.0964366993864864,daily_hard_stop_exit,-0.1034680521365711,2022-07-11,JD
2022-07-13,4058.592041015625,main,-0.116483648726842,daily_hard_stop_exit,-0.1155324580814729,2022-07-12,NOW
2022-07-18,2264.7406463623047,main,-0.0639191448877214,weekly_relative_trim,-0.073373999347961,2022-07-15,AFG
2022-07-18,1337.6344757080078,main,-0.0589616164682897,weekly_relative_trim,-0.0684665442843002,2022-07-15,LNG
2022-07-18,1692.0709228515625,main,-0.0517504795110842,weekly_relative_trim,-0.0613282431831544,2022-07-15,NOC
2022-07-19,2331.283798217773,main,-0.0821563458417462,daily_hard_stop_exit,-0.0838624762005531,2022-07-18,AFG
2022-07-25,1821.2173690795896,main,-0.0444974223122314,weekly_relative_trim,-0.0779927809155293,2022-07-22,EXC
2022-07-25,3944.3998260498047,main,-0.0885941667107667,daily_hard_stop_exit,-0.1205437039825918,2022-07-22,LI
2022-07-25,4269.44499206543,main,-0.0316496443301037,weekly_relative_trim,-0.0655953846914585,2022-07-22,TMUS
2022-07-25,1139.8999786376953,main,-0.0527311052594866,weekly_relative_trim,-0.0859378302479892,2022-07-22,UTHR
2022-07-27,1679.07666015625,main,-0.0857781573779934,daily_hard_stop_exit,-0.1083477142908047,2022-07-26,NOC
2022-07-29,4088.999938964844,main,-0.098949507965706,daily_hard_stop_exit,-0.1540461229133471,2022-07-28,FCN
2022-08-10,3341.120048522949,main,-0.0947213425050145,daily_hard_stop_exit,-0.09599784592568,2022-08-09,LI
2022-08-22,2264.4480895996094,main,-0.0812936065637791,daily_hard_stop_exit,-0.1060383480851776,2022-08-19,SQM
2022-09-07,1003.1305541992188,main,-0.0871279854140452,daily_hard_stop_exit,-0.0403818938485402,2022-09-06,MSFT
2022-09-19,2725.435302734375,main,-0.0965355524091302,daily_hard_stop_exit,-0.0748879398997149,2022-09-16,CHRW
2022-09-23,471.0387802124024,main,-0.0804769993168099,daily_hard_stop_exit,0.0052031927539748,2022-09-22,CTAS
2022-09-26,1579.0198974609375,main,-0.0854628965541841,daily_hard_stop_exit,-0.0187317417743911,2022-09-23,CSL
2022-09-27,864.6481246948242,main,-0.0839310659041852,daily_hard_stop_exit,0.0286683538608731,2022-09-26,AFG
2022-09-27,2958.075500488281,main,-0.0833265202179556,daily_hard_stop_exit,-0.0066121998552988,2022-09-26,ELV
2022-09-27,8395.998016357422,main,-0.0961120701611328,daily_hard_stop_exit,0.0149901107385537,2022-09-26,FANG
2022-09-28,12168.64866256714,main,-0.0825910416403864,daily_hard_stop_exit,0.073126140209186,2022-09-27,KO
2022-09-28,2553.477478027344,main,-0.089501219748225,daily_hard_stop_exit,-0.0107784339974941,2022-09-27,SO
2022-09-30,1582.7816848754885,main,-0.0875397119235432,daily_hard_stop_exit,-0.0070351907862392,2022-09-29,OGE
2022-10-04,14467.520141601562,main,-0.0817318472846219,daily_hard_stop_exit,-0.0111270816824363,2022-10-03,TSLA
2022-10-07,6889.049835205078,main,-0.0908870467558412,daily_hard_stop_exit,-0.0034604234679738,2022-10-06,ENPH
2022-10-12,5069.700065612793,main,-0.0970278138398035,daily_hard_stop_exit,0.03258353924749,2022-10-11,ON
2022-10-24,1063.0111694335938,main,-0.0452204712234519,weekly_relative_trim,-0.0648114718511244,2022-10-21,HUBB
2022-11-10,3123.7801208496094,main,-0.3265982907758603,daily_hard_stop_exit,-0.3078974605546322,2022-11-09,GTLS
2022-11-14,2401.5234375,main,-0.052056466385448,weekly_relative_trim,-0.085335024761625,2022-11-11,TSCO
2022-11-14,2448.239990234375,main,0.0160209092941885,weekly_relative_trim,-0.0653098149360692,2022-11-11,VRTX
2022-11-17,4987.636749267578,main,-0.0912979429171449,daily_hard_stop_exit,-0.0927956091138751,2022-11-16,DKS
2022-12-05,50.69014739990234,main,-0.0084047961601461,weekly_relative_trim,-0.0629670081514985,2022-12-02,DTM
2022-12-07,3403.2000732421875,main,-0.0868769070916156,daily_hard_stop_exit,-0.0554600252232964,2022-12-06,AXON
2022-12-07,5356.450523376465,main,-0.0844297245588023,daily_hard_stop_exit,-0.1060735712546485,2022-12-06,BAC
2022-12-08,4886.72021484375,main,-0.0818796033149253,daily_hard_stop_exit,-0.0486725373748422,2022-12-07,FSLR
2022-12-12,234.0709381103516,main,-0.0200705903364191,weekly_relative_trim,-0.0865237308380784,2022-12-09,FANG
2022-12-12,5021.6044921875,main,-0.0968493278675333,daily_hard_stop_exit,-0.0644690600778729,2022-12-09,LNG
2022-12-19,2135.451171875,main,-0.093681947146601,daily_hard_stop_exit,-0.0410726269656254,2022-12-16,AMKR
2022-12-19,8339.92904663086,main,-0.0841701797721067,daily_hard_stop_exit,-0.0310087271319836,2022-12-16,COST
2022-12-20,95.7696533203125,main,-0.0919581616378736,daily_hard_stop_exit,-0.0854056070448433,2022-12-19,DTM
2022-12-29,4250.922164916992,main,-0.0834208936902203,daily_hard_stop_exit,-0.0131969460780458,2022-12-28,TPL
2023-01-05,14297.214752197266,main,-0.0806412029665319,daily_hard_stop_exit,-0.0285166466631753,2023-01-04,MSFT
2023-01-17,1094.4891357421875,main,-0.0286810301212,weekly_relative_trim,-0.0717749257830333,2023-01-13,SJM
2023-01-23,2158.310760498047,main,-0.0327766922186918,weekly_relative_trim,-0.0695715538112737,2023-01-20,TTC
2023-01-30,1021.5356597900392,main,-0.0148038903623761,weekly_relative_trim,-0.07517653028624,2023-01-27,AEE
2023-02-06,2155.449966430664,main,0.0123704508671631,weekly_relative_trim,-0.0650395051265601,2023-02-03,AXON
2023-02-06,2694.0690307617188,main,-0.0720481835937839,weekly_relative_trim,-0.0874231000545097,2023-02-03,COR
2023-02-07,2886.075820922852,main,-0.0853105569428974,daily_hard_stop_exit,-0.0949345702433246,2023-02-06,COR
2023-02-09,4433.031387329102,main,-0.08467001397188,daily_hard_stop_exit,-0.0843355211912083,2023-02-08,JD
2023-02-13,2283.840087890625,main,-0.0573037615644589,weekly_relative_exit,-0.1201902454277205,2023-02-10,AXON
2023-02-13,7597.855178833008,main,-0.0131027930145948,weekly_relative_trim,-0.0742403682653048,2023-02-10,PG
2023-02-21,2245.67204284668,main,-0.0734471518991163,weekly_relative_trim,-0.0653933252009271,2023-02-17,NOW
2023-02-22,2287.1680603027344,main,-0.0885375920493661,daily_hard_stop_exit,-0.0617938131761844,2023-02-21,NOW
2023-02-27,11678.527374267578,main,-0.0830971601826487,daily_hard_stop_exit,-0.0497409984578154,2023-02-24,DIS
2023-03-06,914.5575313568116,main,-0.0166323896236704,weekly_relative_trim,-0.0734900007079003,2023-03-03,BAC
2023-03-06,1029.1897888183594,main,-0.0563842047055571,weekly_relative_trim,-0.0825230745547367,2023-03-03,MCK
2023-03-10,812.0756683349609,main,-0.1208417820334996,daily_hard_stop_exit,-0.1449557709893038,2023-03-09,BAC
2023-03-10,994.606475830078,main,-0.0828632894098314,daily_hard_stop_exit,-0.0795051670768035,2023-03-09,MCK
2023-03-10,2583.04638671875,main,-0.098257646719071,daily_hard_stop_exit,-0.0909341380270767,2023-03-09,PRI
2023-03-10,1793.8966751098633,main,-0.1022971809967776,daily_hard_stop_exit,-0.0581868125651511,2023-03-09,STT
2023-03-14,1576.0675048828125,main,-0.0920454534028764,daily_hard_stop_exit,-0.0321057126452241,2023-03-13,AXP
2023-03-14,3327.13623046875,main,-0.0932464821652445,daily_hard_stop_exit,-0.071175268614143,2023-03-13,STLD
2023-03-16,2881.050109863281,main,-0.085202463422575,daily_hard_stop_exit,-0.072371664985282,2023-03-15,BLD
2023-04-17,2837.9115600585938,main,-0.032963378792147,weekly_relative_trim,-0.0780277108175239,2023-04-14,RS
2023-04-26,4354.54122543335,main,-0.0890909784091608,daily_hard_stop_exit,-0.0820067226459468,2023-04-25,STM
2023-04-28,2052.20654296875,main,-0.0950683745748743,daily_hard_stop_exit,-0.0982719869185276,2023-04-27,ADI
2023-05-08,4352.990203857422,main,-0.0248487746579554,weekly_relative_trim,-0.0706742411399314,2023-05-05,BKNG
2023-05-08,6321.455749511719,main,-0.0263830881074018,weekly_relative_trim,-0.0721364523064466,2023-05-05,NOW
2023-05-17,4535.550109863281,main,-0.0811381178920221,daily_hard_stop_exit,-0.0795703555326694,2023-05-16,ULTA
2023-05-22,2042.189483642578,main,-0.0238918846654663,weekly_relative_trim,-0.0830730346259119,2023-05-19,TMUS
2023-05-22,2282.770156860352,main,-0.061602659376579,weekly_relative_trim,-0.0685741649769092,2023-05-19,TSCO
2023-05-24,2280.27099609375,main,-0.0854153601679408,daily_hard_stop_exit,-0.0822791054721969,2023-05-23,TSCO
2023-05-26,6489.99063873291,main,-0.0807307418879601,daily_hard_stop_exit,-0.0788243002748807,2023-05-25,ABT
2023-06-05,166.65826034545898,main,0.0198638793565195,weekly_relative_trim,-0.0627910354565409,2023-06-02,KO
2023-06-05,11441.451873779297,main,-0.0598146593953382,weekly_relative_exit,-0.1360120233859113,2023-06-02,TMUS
2023-07-10,7186.935348510742,main,-0.0323515202959553,weekly_relative_trim,-0.0727102697370561,2023-07-07,GOOG
2023-07-10,1377.8399658203125,main,-0.0095381471961969,weekly_relative_trim,-0.0650467991801807,2023-07-07,VRTX
2023-07-24,3038.692741394043,main,0.0084912333417166,weekly_relative_trim,-0.0627018513897575,2023-07-21,STLD
2023-07-31,2900.808681488037,main,0.0767780710120376,weekly_relative_trim,-0.0767219321202432,2023-07-28,ORLY
2023-08-03,254.01792907714844,main,-0.095723524526505,daily_hard_stop_exit,-0.1084600444563123,2023-08-02,LPX
2023-08-10,5472.880187988281,main,-0.0832639495320722,daily_hard_stop_exit,-0.0611964206046988,2023-08-09,ON
2023-08-14,200.77227783203125,main,-0.0120727946203547,weekly_relative_trim,-0.0683601927994591,2023-08-11,ABT
2023-08-17,4191.2968826293945,main,-0.0891303196384519,daily_hard_stop_exit,-0.054240344286133,2023-08-16,CARR
2023-09-05,3025.6959228515625,main,0.0075223436831615,weekly_relative_exit,-0.125133442013447,2023-09-01,ORLY
2023-09-13,6078.3262939453125,main,-0.0829654417411408,daily_hard_stop_exit,-0.0722732433159267,2023-09-12,TMO
2023-09-18,6601.17805480957,main,-0.0771645439282472,weekly_relative_exit,-0.1283427822056169,2023-09-15,STLD
2023-09-22,713.1592330932617,main,-0.092854633072742,daily_hard_stop_exit,-0.0545533220378781,2023-09-21,CARR
2023-09-22,4097.397079467773,main,-0.0837579947721365,daily_hard_stop_exit,-0.045072607286435,2023-09-21,EXE
2023-09-25,3396.7647399902344,main,-0.0615268501081264,weekly_relative_trim,-0.0869025889222282,2023-09-22,EXP
2023-09-26,91.04767608642578,main,-0.0856207099860031,daily_hard_stop_exit,-0.1140704380086676,2023-09-25,ABT
2023-09-27,11451.679084777832,main,-0.1015957497767844,daily_hard_stop_exit,-0.0671049209951799,2023-09-26,ORCL
2023-09-28,1087.4247283935547,main,-0.0859493968066614,daily_hard_stop_exit,-0.0241068553564073,2023-09-27,PEP
2023-10-04,4926.240234375,main,-0.0814153058662171,daily_hard_stop_exit,-0.0088909466062642,2023-10-03,MELI
2023-10-09,2220.92032623291,main,-0.0767731035991333,weekly_relative_trim,-0.0815661695401941,2023-10-06,DINO
2023-10-19,5111.847305297852,main,-0.0909590415297625,daily_hard_stop_exit,-0.0388404317472014,2023-10-18,DHR
2023-10-19,3863.017684936523,main,-0.1024966206839127,daily_hard_stop_exit,-0.0774203593301148,2023-10-18,OC
2023-11-06,1468.2227783203125,main,-0.0421979414268761,weekly_relative_trim,-0.0687050669315226,2023-11-03,EG
2023-11-13,1035.6240234375,main,-0.0543997894176239,weekly_relative_trim,-0.0829431054769669,2023-11-10,EXE
2023-11-17,13427.564254760742,main,-0.0892757750473067,daily_hard_stop_exit,-0.1356384125457831,2023-11-16,CSCO
2023-11-20,1991.5429382324216,main,-0.0012988233649243,weekly_relative_trim,-0.0636193266280485,2023-11-17,CHRD
2023-11-20,1604.1154174804688,main,-0.0127811403774514,weekly_relative_trim,-0.0743851292400836,2023-11-17,PGR
2023-11-27,3967.248718261719,main,0.0118307546275666,weekly_relative_trim,-0.0607063751829302,2023-11-24,PG
2023-12-04,881.1755676269531,main,0.0077578987363395,weekly_relative_trim,-0.0722306064520301,2023-12-01,FLEX
2023-12-11,467.363166809082,main,-0.0584113978372615,weekly_relative_exit,-0.1257057612113107,2023-12-08,DINO
2023-12-11,142.4307403564453,main,-0.0465971487838091,weekly_relative_trim,-0.1147358643165064,2023-12-08,EQT
2023-12-11,9972.515563964844,main,-0.0418518292692347,weekly_relative_exit,-0.120011074208999,2023-12-08,PG
2023-12-13,4505.77880859375,main,-0.1395526787279357,daily_hard_stop_exit,-0.1488226807271301,2023-12-12,ORCL
2023-12-15,1028.726531982422,main,-0.099606499267055,daily_hard_stop_exit,-0.1937453547655935,2023-12-14,EG
2023-12-18,222.9169006347656,main,-0.0071081596124871,weekly_relative_trim,-0.0996541502348978,2023-12-15,AJG
2023-12-18,494.659595489502,main,-0.0181962881211507,weekly_relative_trim,-0.1193969137136373,2023-12-15,AM
2023-12-18,2400.87353515625,main,0.0028730187634908,weekly_relative_trim,-0.1004993515593608,2023-12-15,CBOE
2023-12-18,2216.021423339844,main,-0.0541913370262714,weekly_relative_trim,-0.0785431762190534,2023-12-15,MCK
2023-12-18,1619.5699462890625,main,0.0465982614267699,weekly_relative_trim,-0.0612811420822154,2023-12-15,MELI
2023-12-18,6227.768524169922,main,0.044907401052517,weekly_relative_trim,-0.0627977149429932,2023-12-15,MSFT
2023-12-18,704.0953369140625,main,0.0228145056000752,weekly_relative_trim,-0.0725205327126443,2023-12-15,ORLY
2023-12-18,856.5774536132812,main,-0.0388445378590187,weekly_relative_exit,-0.1379168197046038,2023-12-15,PGR
2024-01-08,2385.279815673828,main,-0.0526040672727969,weekly_relative_trim,-0.074215483543096,2024-01-05,AAPL
2024-01-08,228.2466735839844,main,0.028102609436686,weekly_relative_trim,-0.0750916737528676,2024-01-05,DECK
2024-01-08,5880.1611328125,main,0.0121778207073059,weekly_relative_trim,-0.0894180352992121,2024-01-05,INTU
2024-01-16,85.43687438964844,main,-0.0300632249207148,weekly_relative_exit,-0.1434546070940533,2024-01-12,AM
2024-01-16,134.7595672607422,main,-0.0319496907355359,weekly_relative_exit,-0.1451205338266772,2024-01-12,CHRD
2024-01-16,2137.8072509765625,main,-0.0580116045632784,weekly_relative_trim,-0.0659753872806756,2024-01-12,SSD
2024-01-16,108.07897186279295,main,0.0484349410045781,weekly_relative_trim,-0.0639472240059737,2024-01-12,STLD
2024-02-05,5174.993408203125,main,0.0094552220510857,weekly_relative_trim,-0.0663103280257173,2024-02-02,GOOG
2024-02-05,4926.226501464844,main,0.0084183369163468,weekly_relative_exit,-0.131855631512991,2024-02-02,ORLY
2024-02-12,4887.8349609375,main,-0.0056745300335742,weekly_relative_trim,-0.0623145404393499,2024-02-09,PG
2024-02-20,2225.6411743164062,main,-0.0539651603475174,weekly_relative_trim,-0.0734914795401145,2024-02-16,FDS
2024-02-22,14997.92041015625,main,-0.1412149720785159,daily_hard_stop_exit,-0.2102408151407788,2024-02-21,PANW
2024-02-26,7891.880981445312,main,-0.0292195538399414,weekly_relative_exit,-0.1259513538573314,2024-02-23,AAPL
2024-02-26,2274.399719238281,main,-0.0309876459591349,weekly_relative_trim,-0.0665730100240198,2024-02-23,ORCL
2024-03-04,2262.822280883789,main,-0.0289426468180168,weekly_relative_exit,-0.134225903774118,2024-03-01,GOOG
2024-03-11,15139.388793945312,main,0.064032650108273,weekly_relative_exit,-0.1247009510903277,2024-03-08,MSFT
2024-03-11,605.3920288085938,main,-0.017276274432988,weekly_relative_trim,-0.0605242627235781,2024-03-08,NOW
2024-03-11,1558.314926147461,main,-0.0734126393436782,weekly_relative_trim,-0.0713665209246176,2024-03-08,PANW
2024-03-18,1988.5841674804688,main,-0.0763159445711395,weekly_relative_trim,-0.0737223648139149,2024-03-15,MPWR
2024-03-19,1917.7465209960935,main,-0.0933780486766465,daily_hard_stop_exit,-0.0962038854544486,2024-03-18,MPWR
2024-03-25,1302.6954345703125,main,-0.0746183999532533,weekly_relative_exit,-0.1341406976968424,2024-03-22,FDS
2024-04-08,2991.119842529297,main,0.0088550259954847,weekly_relative_trim,-0.1129636425280461,2024-04-05,CTAS
2024-04-11,400.2300109863281,main,-0.0812922229399436,daily_hard_stop_exit,-0.0864002306883697,2024-04-10,VRTX
2024-04-12,4060.515529632568,main,-0.0876092239849372,daily_hard_stop_exit,-0.080282202998359,2024-04-11,FAST
2024-04-15,3904.1060180664062,main,-0.0828120579101485,daily_hard_stop_exit,-0.0625061881980399,2024-04-12,WSM
2024-04-17,3498.659912109375,main,-0.0874871804939803,daily_hard_stop_exit,-0.053725589586301,2024-04-16,BLD
2024-04-18,3363.308807373047,main,-0.092543283229873,daily_hard_stop_exit,-0.0533662369840695,2024-04-17,EXP
2024-04-19,3014.1600608825684,main,-0.0838642837519909,daily_hard_stop_exit,-0.042342065763316,2024-04-18,CPRT
2024-04-19,4575.762313842773,main,-0.0909733732977203,daily_hard_stop_exit,-0.0497733621181278,2024-04-18,CRH
2024-04-19,260.2637634277344,main,-0.0807633467395597,daily_hard_stop_exit,-0.0591562505030106,2024-04-18,HII
2024-04-22,164.19300842285156,main,-0.0815986933475848,daily_hard_stop_exit,-0.0517344170003606,2024-04-19,AAPL
2024-05-06,12721.891479492188,main,0.042146168092181,weekly_relative_exit,-0.1446419842231556,2024-05-03,COST
2024-05-28,210.9199981689453,main,-0.0077148820635578,weekly_relative_trim,-0.0622359039662844,2024-05-24,CPRT
2024-05-28,2956.703491210937,main,-0.0133451625019114,weekly_relative_trim,-0.0675568291220188,2024-05-24,INTU
2024-05-31,2840.509033203125,main,-0.0848992166715977,daily_hard_stop_exit,-0.1238770006135938,2024-05-30,INTU
2024-06-05,90.77383422851562,main,1.2738588502828612,daily_trailing_stop_exit,1.0276886202680728,2024-06-04,VST
2024-06-07,545.5057373046875,main,-0.0867377831181712,daily_hard_stop_exit,-0.1080893947440296,2024-06-06,MLM
2024-06-10,3314.0420837402344,main,0.0060507379919152,weekly_relative_exit,-0.1412370931647462,2024-06-07,BAC
2024-06-10,168.15809631347656,main,0.0235559473714834,weekly_relative_exit,-0.1262946812923953,2024-06-07,CTAS
2024-06-10,175.5399932861328,main,-0.0038970953831127,weekly_relative_exit,-0.1210842626516016,2024-06-07,PTC
2024-06-10,212.5998687744141,main,0.0030097633004884,weekly_relative_trim,-0.0602124401114227,2024-06-07,TSCO
2024-06-17,4599.661895751953,main,-0.0811270515602208,daily_hard_stop_exit,-0.1064867994820459,2024-06-14,CHRD
2024-06-17,2231.473846435547,main,-0.0114672224577876,weekly_relative_trim,-0.088742532178049,2024-06-14,CMS
2024-06-17,1349.5431518554688,main,-0.0546500576438134,weekly_relative_trim,-0.0807405375918539,2024-06-14,CW
2024-06-17,194.17779541015625,main,-0.0241343712355206,weekly_relative_trim,-0.1004194681198398,2024-06-14,DAL
2024-06-17,1187.0716552734375,main,-0.0578149653503863,weekly_relative_trim,-0.0838180977910583,2024-06-14,DECK
2024-06-17,2610.981246948242,main,-0.0425836189088656,weekly_relative_trim,-0.0690071175241244,2024-06-14,ETR
2024-06-17,354.5579833984375,main,-0.014811298214181,weekly_relative_trim,-0.0720200252927021,2024-06-14,FANG
2024-06-17,240.4081878662109,main,0.0052795637397817,weekly_relative_trim,-0.0733048710996827,2024-06-14,MRK
2024-06-17,201.44000244140625,main,-0.0193408245046464,weekly_relative_trim,-0.0960006411926001,2024-06-14,UAL
2024-06-21,1143.4967193603516,main,-0.0893914195548085,daily_hard_stop_exit,-0.1213542858183038,2024-06-20,DECK
2024-06-24,1567.6799926757812,main,-0.0507847097445093,weekly_relative_trim,-0.0828730952897451,2024-06-21,FSLR
2024-06-24,245.9000015258789,main,-0.0491414634645793,weekly_relative_exit,-0.1290662150598505,2024-06-21,UAL
2024-06-27,1499.519989013672,main,-0.0908991215677655,daily_hard_stop_exit,-0.123241677619211,2024-06-26,FSLR
2024-07-08,8509.929759979248,main,0.0105443049033218,weekly_relative_trim,-0.0913027155003533,2024-07-05,CMG
2024-07-08,2135.652404785156,main,-0.0140712842622413,weekly_relative_trim,-0.064799203872261,2024-07-05,NRG
2024-07-08,3102.4801025390625,main,-0.0134176657179929,weekly_relative_trim,-0.0641792152532182,2024-07-05,THC
2024-07-15,3276.240020751953,main,-0.0005160343732235,weekly_relative_trim,-0.0904222720608118,2024-07-12,AMZN
2024-07-15,8151.840087890625,main,-0.071265526479479,weekly_relative_exit,-0.1728459564169701,2024-07-12,CMG
2024-07-22,3285.9000549316406,main,-0.0588950674282453,weekly_relative_exit,-0.1263894126376158,2024-07-19,AMZN
2024-07-29,7646.833190917969,main,-0.0449426529924197,weekly_relative_trim,-0.0771099129857707,2024-07-26,GOOG
2024-08-05,805.1000213623047,main,-0.0878470841762542,daily_hard_stop_exit,-0.0705418616118304,2024-08-02,AMZN
2024-08-05,537.9298095703125,main,-0.1006784742993313,daily_hard_stop_exit,-0.112149510590212,2024-08-02,NRG
2024-08-05,335.1369094848633,main,-0.0822548325134839,daily_hard_stop_exit,-0.0608309587352248,2024-08-02,NTAP
2024-08-06,3210.9246826171875,main,-0.088133216613383,daily_hard_stop_exit,-0.0429610144550812,2024-08-05,CW
2024-08-06,1075.8099060058594,main,-0.0852105937816861,daily_hard_stop_exit,-0.0989358708221302,2024-08-05,FANG
2024-08-06,2072.380630493164,main,-0.0904647576373859,daily_hard_stop_exit,-0.0751305564423215,2024-08-05,GOOG
2024-08-06,2267.3033142089844,main,-0.0821804440628214,daily_hard_stop_exit,-0.0367133525084417,2024-08-05,GS
2024-08-06,1258.8892364501953,main,-0.103913654039805,daily_hard_stop_exit,-0.0554878014282683,2024-08-05,ORCL
2024-08-06,2551.734771728516,main,-0.0813599116382703,daily_hard_stop_exit,-0.0358521724177682,2024-08-05,TPL
2024-08-07,2193.0,main,-0.1284365016951928,daily_hard_stop_exit,-0.0936173225514468,2024-08-06,BLD
2024-08-12,3828.3279418945312,main,-0.0865850892814711,daily_hard_stop_exit,-0.0654201211437334,2024-08-09,MCK
2024-08-13,2337.949981689453,main,-0.0815967201417162,daily_hard_stop_exit,-0.064822317265811,2024-08-12,VRTX
2024-09-09,2035.2083740234373,main,-0.0163823663253641,weekly_relative_trim,-0.0723431805717002,2024-09-06,APH
2024-09-09,2989.6014404296875,main,-0.1037395034620496,daily_hard_stop_exit,-0.0843002986367023,2024-09-06,DKS
2024-09-11,161.1836700439453,main,-0.085289049439059,daily_hard_stop_exit,-0.0798052932689717,2024-09-10,FANG
2024-09-16,1700.544548034668,main,-0.0441772760162472,weekly_relative_trim,-0.0610654309765786,2024-09-13,BAC
2024-09-16,2254.500045776367,main,-0.0452664653335619,weekly_relative_trim,-0.0621353757232104,2024-09-13,GDDY
2024-09-23,1287.6599731445312,main,-0.0323423636516808,weekly_relative_trim,-0.0627526471189503,2024-09-20,HALO
2024-09-23,13640.125854492188,main,0.0356216730983913,weekly_relative_trim,-0.0740749303434671,2024-09-20,TMUS
2024-09-25,1285.0099754333496,main,-0.0819993524610716,daily_hard_stop_exit,-0.115595948833714,2024-09-24,HALO
2024-10-07,4785.7269287109375,main,-0.0317787555382517,weekly_relative_trim,-0.0699482175410265,2024-10-04,PG
2024-10-14,5664.740020751953,main,0.1512566224416491,daily_trailing_stop_exit,0.09327827986443,2024-10-11,TLN
2024-10-28,4272.770538330078,main,-0.0024659099420094,weekly_relative_trim,-0.0673963904615604,2024-10-25,HD
2024-11-05,14116.225234985352,main,-0.1340644733460444,daily_hard_stop_exit,-0.135872933646695,2024-11-04,CEG
2024-11-05,479.79345703125,main,-0.0976525374064244,daily_hard_stop_exit,-0.0995370420990531,2024-11-04,PEG
2024-11-11,2507.7500534057617,main,-0.0165187588323911,weekly_relative_trim,-0.0611559081960103,2024-11-08,UBER
2024-11-18,1887.4000549316409,main,-0.0706106995266426,weekly_relative_trim,-0.0977901955570518,2024-11-15,PSN
2024-11-19,1982.819961547852,main,-0.0995229007772517,daily_hard_stop_exit,-0.1294240495431314,2024-11-18,PSN
2024-11-25,4716.96435546875,main,-0.0352156856749569,weekly_relative_trim,-0.0748594502310863,2024-11-22,GOOG
2024-11-25,2770.2599487304688,main,-0.0427704069140012,weekly_relative_trim,-0.0821037418895073,2024-11-22,VRTX
2024-12-05,2673.765930175781,main,0.6488538286366217,daily_trailing_stop_exit,0.4934596230878372,2024-12-04,TPL
2024-12-06,793.0799560546875,main,-0.1094880087790636,daily_hard_stop_exit,-0.1617744716277905,2024-12-05,UBER
2024-12-09,2366.916748046875,main,-0.0580934583251064,weekly_relative_trim,-0.0645710491575415,2024-12-06,FTAI
2024-12-10,2516.526840209961,main,-0.1013188838245776,daily_hard_stop_exit,-0.1028792806926741,2024-12-09,FTAI
2024-12-13,4850.7197265625,main,-0.090363004672526,daily_hard_stop_exit,-0.0914165609533258,2024-12-12,CRS
2024-12-16,6925.773010253906,main,-0.0733295951764954,weekly_relative_exit,-0.1242021071220041,2024-12-13,EXP
2024-12-16,2170.489990234375,main,-0.0699882112445318,weekly_relative_trim,-0.0708809181183798,2024-12-13,FICO
2024-12-16,2835.9820556640625,main,-0.0725103706068275,weekly_relative_trim,-0.0734006564909344,2024-12-13,MCK
2024-12-17,3359.659423828125,main,-0.082441251658907,daily_hard_stop_exit,-0.0872194690117282,2024-12-16,MCK
2024-12-18,2051.10009765625,main,-0.0831565264281788,daily_hard_stop_exit,-0.0841577939472844,2024-12-17,FICO
2024-12-19,2232.689666748047,main,-0.0954404640709249,daily_hard_stop_exit,-0.0686714918272366,2024-12-18,CEG
2024-12-19,5940.747924804688,main,-0.0855228615694847,daily_hard_stop_exit,-0.0584603939664087,2024-12-18,GS
2024-12-19,3827.9423065185542,main,-0.091166099886937,daily_hard_stop_exit,-0.0642706347683678,2024-12-18,SCHW
2024-12-19,701.5994262695312,main,-0.1007424643185723,daily_hard_stop_exit,-0.1278300576783555,2024-12-18,URI
2024-12-20,7720.767860412598,main,-0.0803633246154369,daily_hard_stop_exit,-0.0528571959485475,2024-12-19,MS
2024-12-20,1191.8099670410156,main,-0.1580913169482939,daily_hard_stop_exit,-0.1797242984635628,2024-12-19,VRTX
2024-12-23,3180.0,main,-0.03470164844812,weekly_relative_trim,-0.070667457647693,2024-12-20,TLN
2024-12-30,181.27810668945312,main,-0.0506690624213259,weekly_relative_exit,-0.1391807796637796,2024-12-27,CTAS
2025-01-13,6233.263732910156,main,-0.0941986006584709,daily_hard_stop_exit,-0.0612501436605166,2025-01-10,APO
2025-01-13,167.82000732421875,main,-0.0435694288338925,weekly_relative_trim,-0.0622954515306956,2025-01-10,PANW
2025-01-14,11138.790618896484,main,-0.0897733642546598,daily_hard_stop_exit,-0.0581243622403671,2025-01-13,PLTR
2025-01-21,4866.984710693359,main,-0.0568792504096004,weekly_relative_trim,-0.0773017387152978,2025-01-17,AAPL
2025-01-21,1838.18505859375,main,-0.0397860236608378,weekly_relative_trim,-0.060578651446061,2025-01-17,WTM
2025-01-22,4892.998596191406,main,-0.0869796962737929,daily_hard_stop_exit,-0.114852564685971,2025-01-21,AAPL
2025-01-27,502.1782379150391,main,-0.0744825041737868,weekly_relative_trim,-0.0841715215999854,2025-01-24,EXPE
2025-01-28,510.0772247314453,main,-0.0859412227826895,daily_hard_stop_exit,-0.0825324580622658,2025-01-27,EXPE
2025-02-10,9531.2001953125,main,0.013785951713952,weekly_relative_trim,-0.0895488757534248,2025-02-07,ISRG
2025-02-24,16141.040054321287,main,0.2102937790731733,daily_trailing_stop_exit,0.2059161009494112,2025-02-21,PLTR
2025-02-26,3701.070114135742,main,-0.083430839317321,daily_hard_stop_exit,-0.0779860436506176,2025-02-25,TLN
2025-02-27,7371.269775390625,main,-0.0942425629688098,daily_hard_stop_exit,-0.0893218487185804,2025-02-26,APP
2025-02-28,9600.156494140623,main,-0.0924522868925377,daily_hard_stop_exit,-0.1171563702122215,2025-02-27,GOOG
2025-03-07,6491.520263671875,main,-0.2303610372285689,daily_hard_stop_exit,-0.2154980052058823,2025-03-06,APP
2025-03-10,2025.0743255615237,main,-0.074638822998968,weekly_relative_trim,-0.0620257484246065,2025-03-07,ETR
2025-03-10,6756.539794921875,main,-0.0987602750731335,daily_hard_stop_exit,-0.1557000113516415,2025-03-07,ISRG
2025-03-10,4420.440032958984,main,-0.1036833469714263,daily_hard_stop_exit,-0.0914661618680588,2025-03-07,LYV
2025-03-11,4320.298385620117,main,-0.09825848388496,daily_hard_stop_exit,-0.0609554838304202,2025-03-10,BKNG
2025-03-11,2153.14453125,main,-0.0845375854720705,daily_hard_stop_exit,-0.0466669829892324,2025-03-10,ETR
2025-03-11,5684.956283569336,main,-0.0854231391788147,daily_hard_stop_exit,-0.047589170043095,2025-03-10,EXPE
2025-03-14,7181.5244140625,main,-0.1135639189067014,daily_hard_stop_exit,-0.0390538933250801,2025-03-13,COST
2025-03-14,4240.143737792969,main,-0.0881721377376932,daily_hard_stop_exit,-0.0346781616707038,2025-03-13,SEIC
2025-03-21,5736.861038208008,main,-0.0808427274198527,daily_hard_stop_exit,-0.0511301015876014,2025-03-20,GILD
2025-04-07,3781.33367729187,main,-0.1061850021594243,daily_hard_stop_exit,-0.0076722786721807,2025-04-04,AM
2025-04-07,2786.640014648437,main,-0.2240184448363763,daily_hard_stop_exit,-0.1384928533440413,2025-04-04,APP
2025-04-07,6234.344741821289,main,-0.0857344779341402,daily_hard_stop_exit,0.015032220752716,2025-04-04,BKNG
2025-04-07,4733.268447875977,main,-0.1444655183230836,daily_hard_stop_exit,-0.0145315930006235,2025-04-04,HWM
2025-04-07,5384.18994140625,main,-0.1106640147474192,daily_hard_stop_exit,0.0244034991508965,2025-04-04,MELI
2025-04-07,3098.656448364258,main,-0.0989425546695842,daily_hard_stop_exit,0.0003684024886776,2025-04-04,THG
2025-04-08,3499.080078125,main,-0.0878222981859324,daily_hard_stop_exit,0.0145213478170143,2025-04-07,AZO
2025-04-08,3226.6586532592773,main,-0.0921763573179293,daily_hard_stop_exit,0.0096787761006877,2025-04-07,BRO
2025-04-08,3462.914730072021,main,-0.0974927529963962,daily_hard_stop_exit,0.0037658965175535,2025-04-07,EBAY
2025-04-10,3969.515335083008,main,-0.0854514990212734,daily_hard_stop_exit,-0.0648641889354687,2025-04-09,CBOE
2025-05-12,1632.6400146484375,main,-0.0651569040896292,weekly_relative_trim,-0.0748806956561237,2025-05-09,FTNT
2025-05-12,1883.8800659179688,main,-0.0576138831332873,weekly_relative_trim,-0.0674161336025452,2025-05-09,SFM
2025-05-13,1901.6400146484373,main,-0.0854596170102693,daily_hard_stop_exit,-0.1239243494483945,2025-05-12,SFM
2025-05-19,446.4732360839844,main,-0.001175404689803,weekly_relative_trim,-0.0612359360961518,2025-05-16,CBOE
2025-05-19,2240.034118652344,main,-0.0338138685374899,weekly_relative_trim,-0.0919118096229925,2025-05-16,PPL
2025-05-19,1733.561065673828,main,-0.0064953539935763,weekly_relative_trim,-0.0662359904116163,2025-05-16,RSG
2025-06-09,7003.833679199219,main,0.004486872360941,weekly_relative_trim,-0.063698303736289,2025-06-06,COST
2025-06-09,7344.791290283203,main,-0.00222360948545,weekly_relative_trim,-0.069953274018534,2025-06-06,WMT
2025-06-11,4798.440032958984,main,-0.1222177167946353,daily_hard_stop_exit,-0.1373111092198663,2025-06-10,RBRK
2025-06-16,7066.38557434082,main,-0.0619062733758593,weekly_relative_trim,-0.0635134821084441,2025-06-13,TMUS
2025-06-16,1714.6561431884766,main,-0.0603123304313452,weekly_relative_trim,-0.0670647870960577,2025-06-13,TXRH
2025-06-18,6978.54736328125,main,-0.0889382480184348,daily_hard_stop_exit,-0.0913059411444071,2025-06-17,TMUS
2025-06-23,3032.639991760254,main,-0.0650610886339846,weekly_relative_trim,-0.0702795266315592,2025-06-20,LI
2025-06-30,2211.5972900390625,main,0.01891032634958,weekly_relative_trim,-0.0773387491159697,2025-06-27,EBAY
2025-06-30,2794.029914855957,main,-0.0395052053466591,weekly_relative_trim,-0.0935605761999204,2025-06-27,ORLY
2025-06-30,4634.715957641602,main,-0.0412330755795655,weekly_relative_exit,-0.1318008396663481,2025-06-27,RSG
2025-07-14,2250.780029296875,main,-0.0452166320453257,weekly_relative_trim,-0.0952156031144397,2025-07-11,AXON
2025-07-14,4877.095642089844,main,-0.0396636791789284,weekly_relative_exit,-0.1425255934213943,2025-07-11,COST
2025-07-14,2380.25,main,0.0405008153555399,weekly_relative_trim,-0.0709475421811304,2025-07-11,MELI
2025-07-14,673.8961029052734,main,-0.0558212720470879,weekly_relative_trim,-0.1052649118165143,2025-07-11,STE
2025-07-14,2026.30778503418,main,-0.0569334969700341,weekly_relative_trim,-0.0659615284934861,2025-07-11,TMUS
2025-07-14,8358.753234863281,main,-0.034395566350417,weekly_relative_exit,-0.1378217497538396,2025-07-11,WMT
2025-07-21,664.5243988037109,main,-0.0659656696296909,weekly_relative_exit,-0.1204631621914236,2025-07-18,STE
2025-07-28,5645.286178588867,main,0.0534366394556646,weekly_relative_trim,-0.0792989264228657,2025-07-25,BKNG
2025-07-28,1416.5399780273438,main,-0.0490783700226058,weekly_relative_trim,-0.0781089692672858,2025-07-25,CRWD
2025-07-28,2308.89684677124,main,-0.0633525194805194,weekly_relative_trim,-0.091947344525299,2025-07-25,EQT
2025-08-11,15571.309020996094,main,0.0061837615579531,weekly_relative_exit,-0.1207081800297491,2025-08-08,BKNG
2025-08-18,4367.458679199219,main,-0.05268854758359,weekly_relative_trim,-0.0846661960125567,2025-08-15,GEV
2025-08-20,4224.699523925781,main,-0.0812947683802403,daily_hard_stop_exit,-0.107270372741641,2025-08-19,GEV
2025-08-20,27925.789016723636,main,0.2601090249194802,daily_trailing_stop_exit,0.0966674201620252,2025-08-19,PLTR
2025-08-22,4458.658630371094,main,0.2815396705592963,daily_trailing_stop_exit,0.1227942587061108,2025-08-21,NRG
2025-08-25,6026.061767578125,main,-0.0306159130219974,weekly_relative_trim,-0.0660529917981703,2025-08-22,MSFT
2025-09-08,185.07945251464844,main,-0.0337102360441988,weekly_relative_trim,-0.0718101350945183,2025-09-05,SCHW
2025-09-22,5128.332252502441,main,0.0474336886462465,weekly_relative_exit,-0.123664986241392,2025-09-19,EBAY
2025-09-22,5788.9798583984375,main,0.0026586778202943,weekly_relative_trim,-0.0633578837582981,2025-09-19,GTLS
2025-09-22,301.90972232818604,main,-0.0181807573538786,weekly_relative_trim,-0.0828252190485608,2025-09-19,PR
2025-09-29,2748.5499572753906,main,-0.0577217288275707,weekly_relative_trim,-0.0909243790242477,2025-09-26,BLD
2025-09-29,1416.4999389648438,main,-0.0569167522282504,weekly_relative_trim,-0.0901477670357451,2025-09-26,INSM
2025-10-06,5379.626892089844,main,-0.0221720172120529,weekly_relative_trim,-0.067044838298018,2025-10-03,HD
2025-10-06,6462.659912109375,main,-0.0171746270776408,weekly_relative_trim,-0.0622767799043061,2025-10-03,MELI
2025-10-13,3557.6798248291016,main,-0.0602534030155382,weekly_relative_trim,-0.0811490982194755,2025-10-10,BKNG
2025-10-13,3177.6385498046875,main,-0.123731712338716,daily_hard_stop_exit,-0.1030265510857001,2025-10-10,FUTU
2025-10-17,3433.1979370117188,main,-0.0989390986060073,daily_hard_stop_exit,-0.1291366465919485,2025-10-16,BKNG
2025-10-20,6306.330322265625,main,-0.0840171651296693,daily_hard_stop_exit,-0.1197115782253831,2025-10-17,MELI
2025-10-20,3735.890045166016,main,0.0075120958082457,weekly_relative_exit,-0.1224334196179595,2025-10-17,ORLY
2025-11-06,4266.460052490234,main,-0.0802087051092875,daily_hard_stop_exit,-0.072389666226975,2025-11-05,RKLB
2025-11-07,4217.2001953125,main,-0.0811905681866328,daily_hard_stop_exit,-0.0633300318091938,2025-11-06,MELI
2025-11-10,4438.56005859375,main,-0.0865111451450548,daily_hard_stop_exit,-0.0696699512901317,2025-11-07,P
2025-11-14,4409.09130859375,main,-0.0924257754167887,daily_hard_stop_exit,-0.0771653064177272,2025-11-13,CW
2025-11-14,4500.0,main,-0.1321182626808805,daily_hard_stop_exit,-0.1175252057292111,2025-11-13,NXT
2025-11-17,4645.458740234375,main,-0.1465712309464718,daily_hard_stop_exit,-0.1320792146442014,2025-11-14,FUTU
2025-11-19,13205.728759765623,main,-0.1327285360988037,daily_hard_stop_exit,-0.1610825757935493,2025-11-18,HD
2025-11-21,1709.3029174804688,main,-0.0889464812447989,daily_hard_stop_exit,-0.0459299834820969,2025-11-20,BKNG
2025-11-21,2378.03995513916,main,-0.1056154576313711,daily_hard_stop_exit,-0.1248458844014956,2025-11-20,PDD
2025-11-24,7818.735717773437,main,-0.1002551112340121,daily_hard_stop_exit,-0.0873943518828148,2025-11-21,CCJ
2025-11-24,2364.6029663085938,main,-0.0843384829662962,daily_hard_stop_exit,-0.1385657066752398,2025-11-21,MSFT
2025-12-08,501.08362197875977,main,-0.0641449459653047,weekly_relative_exit,-0.128551893386256,2025-12-05,PPL
2025-12-08,1854.0379028320312,main,-0.0441969707004659,weekly_relative_trim,-0.0682282222415741,2025-12-05,WEC
2025-12-08,5827.697212219238,main,-0.0857769109919972,daily_hard_stop_exit,-0.0930032968482266,2025-12-05,WRB
2025-12-09,4381.0771484375,main,-0.092396334245447,daily_hard_stop_exit,-0.0968571056361261,2025-12-08,SEB
2025-12-10,4556.400146484375,main,-0.0815477280853667,daily_hard_stop_exit,-0.0852722765418887,2025-12-09,INSM
2026-01-05,12049.671508789062,main,0.019930545513789,weekly_relative_trim,-0.0771039014012318,2026-01-02,GOOG
2026-01-08,492.5199890136719,main,-0.0925821069430334,daily_hard_stop_exit,-0.1034425560522981,2026-01-07,FSLR
2026-01-20,5655.2001953125,main,-0.0879263854913315,daily_hard_stop_exit,-0.1055888896563372,2026-01-16,APP
2026-01-22,450.1126403808594,main,-0.0875827105527338,daily_hard_stop_exit,-0.0970798596840801,2026-01-21,MSFT
2026-01-27,7286.859977722168,main,0.2374082881953216,daily_trailing_stop_exit,0.2203315190950885,2026-01-26,RVMD
2026-02-04,8966.786407470703,main,-0.1154959397701711,daily_hard_stop_exit,-0.1299452454399932,2026-02-03,EXPE
2026-02-04,8343.021919250488,main,-0.0847811585852701,daily_hard_stop_exit,-0.0997322225644966,2026-02-03,MLI
2026-02-04,970.3172073364258,main,-0.0925925764632989,daily_hard_stop_exit,-0.1009622518170989,2026-02-03,NDAQ
2026-02-06,177.88101196289062,main,-0.0899234187467687,daily_hard_stop_exit,-0.0890560755061181,2026-02-05,BKNG
2026-02-06,1446.3999938964844,main,-0.1272535654795138,daily_hard_stop_exit,-0.1201054388209444,2026-02-05,RKLB
2026-02-09,143.91555786132812,main,0.2017664993876566,daily_trailing_stop_exit,0.0757019465497172,2026-02-06,APH
2026-02-13,20468.83123779297,main,-0.0849909435054819,daily_hard_stop_exit,-0.0849147443174306,2026-02-12,GOOGL
2026-02-17,686.8884887695312,main,-0.0646265467134462,weekly_relative_trim,-0.0652071996075933,2026-02-13,AXP
2026-02-17,2733.7329711914062,main,0.0043845053548092,weekly_relative_trim,-0.0621050010687797,2026-02-13,GS
2026-02-24,638.9400634765625,main,-0.1096907960341893,daily_hard_stop_exit,-0.1110780229762101,2026-02-23,AXP
2026-02-25,4895.553497314453,main,-0.0826165164174763,daily_hard_stop_exit,-0.0718590474721601,2026-02-24,CIB
2026-03-06,4469.39453125,main,-0.0914259626110927,daily_hard_stop_exit,-0.0846647374898578,2026-03-05,RGLD
2026-03-06,4554.590225219727,main,-0.1232808105222406,daily_hard_stop_exit,-0.116756635755811,2026-03-05,SCCO
2026-03-06,461.0199890136719,main,-0.0950781043395055,daily_hard_stop_exit,-0.0763503787543985,2026-03-05,STE
2026-03-09,3290.699935913086,main,-0.0981252374157395,daily_hard_stop_exit,-0.0793467388269851,2026-03-06,ATI
2026-03-09,4085.640197753906,main,-0.1856023949312876,daily_hard_stop_exit,-0.1686453129594557,2026-03-06,BE
2026-03-09,4977.5899658203125,main,-0.10434869031685,daily_hard_stop_exit,-0.0856997741339562,2026-03-06,GEV
2026-03-09,4078.232780456543,main,-0.0847928629348593,daily_hard_stop_exit,-0.0657367626371309,2026-03-06,SW
2026-03-12,4974.719970703125,main,-0.0882242695216012,daily_hard_stop_exit,-0.0746756164428734,2026-03-11,HII
2026-03-13,11936.730285644531,main,-0.09734174890559,daily_hard_stop_exit,-0.0575659982233945,2026-03-12,ADI
2026-03-16,516.739990234375,main,-0.1359912430041732,daily_hard_stop_exit,-0.1087516762058072,2026-03-13,ULTA
2026-03-18,4064.200134277344,main,-0.0998638831879707,daily_hard_stop_exit,-0.0789434993926732,2026-03-17,THC
2026-03-23,330.8999938964844,main,-0.0905246077482749,daily_hard_stop_exit,-0.0514732563986031,2026-03-20,HD
2026-03-27,6922.720153808594,main,-0.0872050873871498,daily_hard_stop_exit,-0.0314254047328105,2026-03-26,APH
2026-03-27,7665.2802734375,main,-0.088630329577117,daily_hard_stop_exit,-0.1290348271778921,2026-03-26,GOOG
2026-03-31,328.3699951171875,main,-0.0806464573654914,daily_hard_stop_exit,0.008887151210815,2026-03-30,PEN
2026-03-31,893.2210693359375,main,-0.0933975225838549,daily_hard_stop_exit,-0.0051057092791697,2026-03-30,PH
2026-03-31,212.38886260986328,main,-0.1636494661140922,daily_hard_stop_exit,-0.0821993189607513,2026-03-30,SYY
2026-04-20,4151.400184631348,main,-0.0493545212812818,weekly_relative_trim,-0.0836639075021005,2026-04-17,KO
2026-04-22,589.6199951171875,main,-0.105008189023196,daily_hard_stop_exit,-0.118436657979959,2026-04-21,NOC
2026-05-04,1799.2999267578125,main,-0.015336215691975,weekly_relative_trim,-0.0757721567874317,2026-05-01,AEM
2026-05-11,533.3599853515625,main,0.1524916751853364,daily_trailing_stop_exit,0.0568676502443288,2026-05-08,TPR
2019-06-24,8686.33550453186,concentrated,0.0054780844892448,weekly_relative_trim,-0.0655174944779229,2019-06-21,ORLY
2019-07-08,9175.813583374023,concentrated,0.01123736733178,weekly_relative_trim,-0.0742092733918304,2019-07-05,PEG
2019-07-22,8661.22201538086,concentrated,0.0045893516375232,weekly_relative_trim,-0.0763032803756587,2019-07-19,FDS
2019-07-29,7571.281223297119,concentrated,0.0358058117381145,weekly_relative_trim,-0.0628632973384494,2019-07-26,ELS
2019-08-15,15592.13971710205,concentrated,-0.0851376034797878,daily_hard_stop_exit,-0.0498838543001276,2019-08-14,CBRE
2019-08-19,6465.601224899292,concentrated,-0.0206183143640419,weekly_relative_trim,-0.073542814881195,2019-08-16,TSCO
2019-09-16,4720.60209274292,concentrated,-0.053439145409678,weekly_relative_trim,-0.0859770625069251,2019-09-13,ELS
2019-11-11,14145.647277832031,concentrated,-0.0425376896300105,weekly_relative_trim,-0.1030845924118148,2019-11-08,BKNG
2019-11-11,7917.99967956543,concentrated,-0.0417802364434787,weekly_relative_trim,-0.1023750381806256,2019-11-08,DUK
2019-11-18,13712.85629272461,concentrated,-0.0580115185907021,weekly_relative_exit,-0.1256457663939157,2019-11-15,BKNG
2019-11-25,8003.429763793945,concentrated,-0.0616988217368054,weekly_relative_exit,-0.1267437908038787,2019-11-22,DUK
2019-12-30,6333.448654174805,concentrated,-0.0254585248413219,weekly_relative_trim,-0.0639278548291888,2019-12-27,JKHY
2019-12-30,7045.500183105469,concentrated,-0.0255646566095802,weekly_relative_trim,-0.0640297971215557,2019-12-27,VEEV
2020-02-27,7858.79997253418,concentrated,-0.093582915751727,daily_hard_stop_exit,-0.0568609231827088,2020-02-26,PFGC
2020-02-28,16073.92758178711,concentrated,-0.1129586882888792,daily_hard_stop_exit,-0.0336197999430684,2020-02-27,GOOG
2020-03-06,6789.600250244141,concentrated,-0.1045910242945452,daily_hard_stop_exit,-0.0849635782605208,2020-03-05,WEX
2020-03-10,8626.721477508545,concentrated,-0.0993752985446139,daily_hard_stop_exit,0.015111759935138,2020-03-09,CHRW
2020-03-10,15514.880340576172,concentrated,-0.1518873171168818,daily_hard_stop_exit,-0.0440755658227509,2020-03-09,NOW
2020-03-13,15288.743591308594,concentrated,-0.1674767895773417,daily_hard_stop_exit,0.0371392701333728,2020-03-12,DUK
2020-03-13,19355.16357421875,concentrated,-0.1309585302538426,daily_hard_stop_exit,0.0826329216582195,2020-03-12,EDU
2020-03-19,13284.774658203123,concentrated,-0.1703311243186499,daily_hard_stop_exit,0.0685097687007396,2020-03-18,TT
2020-04-06,19652.360610961918,concentrated,-0.0860584664153802,daily_hard_stop_exit,-0.0935708277584436,2020-04-03,NOW
2020-06-08,10918.000030517578,concentrated,-0.0738034488792602,weekly_relative_trim,-0.1137994827558463,2020-06-05,VEEV
2020-09-04,1729.7999267578125,concentrated,-0.0880099210418979,daily_hard_stop_exit,-0.0689727136878662,2020-09-03,SE
2020-09-09,20428.81202697754,concentrated,-0.0998193253814173,daily_hard_stop_exit,-0.0474367898414819,2020-09-08,AMZN
2020-09-09,21445.730323791504,concentrated,-0.0822708894360102,daily_hard_stop_exit,-0.028867190483552,2020-09-08,TSCO
2020-09-14,23131.04419708252,concentrated,-0.084295205846631,daily_hard_stop_exit,-0.0334749400789781,2020-09-11,GOOG
2020-09-21,23747.355102539062,concentrated,-0.1019152486867814,daily_hard_stop_exit,-0.0461150624887291,2020-09-18,BKNG
2020-11-09,6959.00634765625,concentrated,-0.003398137146089,weekly_relative_trim,-0.0602066550876195,2020-11-06,AEP
2020-11-09,7559.500198364258,concentrated,-0.0075944128552767,weekly_relative_trim,-0.0641637337685874,2020-11-06,CBRE
2020-11-09,7553.664110183716,concentrated,-0.0324660937049841,weekly_relative_trim,-0.0687179767636511,2020-11-06,ORLY
2020-11-20,6359.942810058594,concentrated,-0.0888242231658237,daily_hard_stop_exit,-0.1590635074553196,2020-11-19,AEP
2020-12-23,13906.800384521484,concentrated,-0.1011435442189528,daily_hard_stop_exit,-0.1079321077427235,2020-12-22,KNSL
2021-01-19,14387.842529296877,concentrated,0.0677480473669043,weekly_relative_trim,-0.0655470294841894,2021-01-15,GOOG
2021-01-25,13293.97517967224,concentrated,0.0605970918413152,weekly_relative_trim,-0.0703447680302218,2021-01-22,CPRT
2021-02-16,7246.847145080566,concentrated,-0.0472895829869182,weekly_relative_trim,-0.0871068936952512,2021-02-12,AIZ
2021-02-19,7133.296989440918,concentrated,-0.0871440547900381,daily_hard_stop_exit,-0.1209973461303619,2021-02-18,AIZ
2021-02-22,7138.503421783447,concentrated,-0.008981288648988,weekly_relative_trim,-0.0629495472071576,2021-02-19,GEN
2021-02-26,27334.574375152588,concentrated,-0.0916636707536657,daily_hard_stop_exit,-0.106155568716412,2021-02-25,QGEN
2021-03-05,20549.711639404297,concentrated,-0.1183172445884761,daily_hard_stop_exit,-0.0881710717112141,2021-03-04,NOW
2021-03-11,13044.606185913086,concentrated,-0.1431100189281908,daily_hard_stop_exit,-0.1431100189281908,2021-03-10,EDU
2021-04-19,11943.348907470703,concentrated,-0.0426736367497873,weekly_relative_trim,-0.0808739163449181,2021-04-16,WSM
2021-05-20,23837.34803009033,concentrated,-0.0825279006331564,daily_hard_stop_exit,-0.1054166397421398,2021-05-19,WSM
2021-07-09,11536.725624084473,concentrated,-0.0845815761119997,daily_hard_stop_exit,-0.0856226806496982,2021-07-08,JD
2021-07-19,6949.385887145996,concentrated,-0.0733497237801187,weekly_relative_trim,-0.0753045817951941,2021-07-16,TER
2021-09-28,23848.61683654785,concentrated,-0.0907801193365892,daily_hard_stop_exit,-0.0749283285863442,2021-09-27,TT
2021-10-11,9672.740211486816,concentrated,-0.0760292681576664,weekly_relative_trim,-0.083668196941873,2021-10-08,CROX
2021-10-12,10016.929718017578,concentrated,-0.1098986863148571,daily_hard_stop_exit,-0.1108201732254264,2021-10-11,CROX
2022-01-24,28577.590393066406,concentrated,-0.1032744758557656,daily_hard_stop_exit,-0.0219309046250295,2022-01-21,GOOG
2022-01-26,30876.22801208496,concentrated,-0.0885996834824671,daily_hard_stop_exit,-0.0383394442290569,2022-01-25,PANW
2022-01-27,32245.684356689453,concentrated,-0.0930057209291818,daily_hard_stop_exit,-0.0002303651982424,2022-01-26,COO
2022-01-28,28925.96954345703,concentrated,-0.0813747062511575,daily_hard_stop_exit,-0.0437069166616946,2022-01-27,EXP
2022-02-24,19742.47021484375,concentrated,-0.1080200653191519,daily_hard_stop_exit,-0.0424878069562267,2022-02-23,AZO
2022-02-24,22205.15057373047,concentrated,-0.085902681227482,daily_hard_stop_exit,-0.0187454960335222,2022-02-23,FICO
2022-03-08,25025.432510375977,concentrated,-0.1375248404727591,daily_hard_stop_exit,-0.1158307067497642,2022-03-07,FTNT
2022-04-12,31793.568237304688,concentrated,-0.0808202457821745,daily_hard_stop_exit,-0.0536578217833946,2022-04-11,GOOGL
2022-04-25,23550.0712890625,concentrated,-0.1024158585898594,daily_hard_stop_exit,-0.0457849118399183,2022-04-22,FTNT
2022-05-10,16502.400329589844,concentrated,-0.0856793177658815,daily_hard_stop_exit,-0.0482265687488819,2022-05-09,HALO
2022-05-10,28878.97496032715,concentrated,-0.1210113285877817,daily_hard_stop_exit,-0.0850058627388115,2022-05-09,NOW
2022-05-13,16636.678108215332,concentrated,-0.0808819376243431,daily_hard_stop_exit,-0.0290155122308188,2022-05-12,AGCO
2022-05-19,29392.65655517578,concentrated,-0.0980472454139915,daily_hard_stop_exit,-0.0459822653579417,2022-05-18,FDS
2022-05-20,16444.94945526123,concentrated,-0.1103832497413981,daily_hard_stop_exit,-0.0532317505268595,2022-05-19,THC
2022-06-14,27130.979766845703,concentrated,-0.0873633362236622,daily_hard_stop_exit,-0.0031815958797596,2022-06-13,AEE
2022-06-14,26313.79346847534,concentrated,-0.0872025350758567,daily_hard_stop_exit,-0.0030059624103865,2022-06-13,ETR
2022-06-17,23609.628860473636,concentrated,-0.0990255673752943,daily_hard_stop_exit,0.0064917860614246,2022-06-16,NOW
2022-06-17,18159.03296661377,concentrated,-0.1041870607655393,daily_hard_stop_exit,0.0007258059037436,2022-06-16,VLO
2022-07-11,11297.382934570312,concentrated,-0.0481613436824023,weekly_relative_trim,-0.0663571483806524,2022-07-08,AEE
2022-07-11,8703.935131072998,concentrated,-0.0451866442150076,weekly_relative_trim,-0.0634393146963244,2022-07-08,ETR
2022-07-18,6691.279182434082,concentrated,-0.0639191448877214,weekly_relative_trim,-0.073373999347961,2022-07-15,AFG
2022-07-18,8460.354614257812,concentrated,-0.0517504795110842,weekly_relative_trim,-0.0613282431831544,2022-07-15,NOC
2022-07-19,6993.85139465332,concentrated,-0.0821563458417462,daily_hard_stop_exit,-0.0838624762005531,2022-07-18,AFG
2022-07-27,8395.38330078125,concentrated,-0.0857781573779934,daily_hard_stop_exit,-0.1083477142908047,2022-07-26,NOC
2022-08-05,13176.929809570312,concentrated,-0.0847763404985431,daily_hard_stop_exit,-0.0922898041328484,2022-08-04,WAT
2022-08-10,28336.48041152954,concentrated,-0.0947213425050145,daily_hard_stop_exit,-0.09599784592568,2022-08-09,LI
2022-09-19,22387.504272460938,concentrated,-0.0965355524091302,daily_hard_stop_exit,-0.0748879398997149,2022-09-16,CHRW
2022-09-26,17525.99087524414,concentrated,-0.104554718756321,daily_hard_stop_exit,-0.0044374722540616,2022-09-23,WCC
2022-09-27,13522.630859375,concentrated,-0.0833265202179556,daily_hard_stop_exit,-0.0066121998552988,2022-09-26,ELV
2022-09-27,13346.641313552856,concentrated,-0.0932474991909839,daily_hard_stop_exit,-0.0173634430129406,2022-09-26,VST
2022-11-08,14804.599822998049,concentrated,-0.1052306996834812,daily_hard_stop_exit,-0.0944687310208933,2022-11-07,CHH
2022-11-14,16012.157211303713,concentrated,-0.0123838019208603,weekly_relative_trim,-0.091440777930448,2022-11-11,DKS
2022-11-17,15715.76107788086,concentrated,-0.0982516478546703,daily_hard_stop_exit,-0.1640158780605541,2022-11-16,DKS
2022-12-12,25578.79788208008,concentrated,-0.0968493278675333,daily_hard_stop_exit,-0.0644690600778729,2022-12-09,LNG
2022-12-16,18569.92481231689,concentrated,-0.1049209201453678,daily_hard_stop_exit,-0.0641446058639856,2022-12-15,CPRT
2023-01-30,10136.776931762695,concentrated,-0.0148038903623761,weekly_relative_trim,-0.07517653028624,2023-01-27,AEE
2023-02-06,11239.72261428833,concentrated,-0.0881849426646077,daily_hard_stop_exit,-0.0916123977827301,2023-02-03,GEN
2023-02-21,28157.272537231445,concentrated,-0.0734471518991163,weekly_relative_trim,-0.0653933252009271,2023-02-17,NOW
2023-02-22,28677.56875610352,concentrated,-0.0885375920493661,daily_hard_stop_exit,-0.0617938131761844,2023-02-21,NOW
2023-02-28,15888.068046569824,concentrated,-0.0818479199114039,daily_hard_stop_exit,-0.0516760217963987,2023-02-27,OGE
2023-03-14,13941.15177154541,concentrated,-0.1033611225169798,daily_hard_stop_exit,-0.0815361086031609,2023-03-13,HLI
2023-03-16,12676.620483398438,concentrated,-0.085202463422575,daily_hard_stop_exit,-0.072371664985282,2023-03-15,BLD
2023-03-27,5836.480361938477,concentrated,-0.0687852088394742,weekly_relative_trim,-0.0746933163142817,2023-03-24,MAS
2023-05-22,6348.421073913574,concentrated,-0.062990962917759,weekly_relative_trim,-0.0699521545865666,2023-05-19,BYD
2023-05-22,8807.394790649414,concentrated,-0.0153880494592036,weekly_relative_trim,-0.0750847844646607,2023-05-19,DKS
2023-05-22,12893.424034118652,concentrated,-0.0306378977019927,weekly_relative_trim,-0.0894100388622063,2023-05-19,TSCO
2023-05-24,6281.559753417969,concentrated,-0.0930131557378224,daily_hard_stop_exit,-0.0899029550790648,2023-05-23,BYD
2023-05-30,12523.727416992188,concentrated,-0.0812457707656744,daily_hard_stop_exit,-0.1398262705845158,2023-05-26,TSCO
2023-07-31,22650.99544906616,concentrated,0.0716748856589613,weekly_relative_trim,-0.0810976333345075,2023-07-28,ORLY
2023-08-14,7665.365020751953,concentrated,-0.0164323579487559,weekly_relative_trim,-0.0724713689231995,2023-08-11,TER
2023-08-21,37386.78082275391,concentrated,-0.0828096650969972,daily_hard_stop_exit,-0.0408269652038741,2023-08-18,NOW
2023-08-23,13940.629150390623,concentrated,-0.119538158775366,daily_hard_stop_exit,-0.2127108480881715,2023-08-22,DKS
2023-09-14,25327.60764312744,concentrated,-0.0806151516308202,daily_hard_stop_exit,-0.0709788048509992,2023-09-13,STLD
2023-09-22,27467.73597717285,concentrated,-0.0837579947721365,daily_hard_stop_exit,-0.045072607286435,2023-09-21,EXE
2023-09-25,10513.795623779297,concentrated,-0.0409105155993827,weekly_relative_trim,-0.0668437074635354,2023-09-22,EXP
2023-11-13,9716.652099609377,concentrated,-0.0353237416473142,weekly_relative_trim,-0.0746236020574511,2023-11-10,DINO
2024-01-16,10006.719818115234,concentrated,-0.0217469560514673,weekly_relative_trim,-0.0616295242138561,2024-01-12,AIZ
2024-01-16,7198.5157470703125,concentrated,-0.054851502301296,weekly_relative_trim,-0.0628420012371744,2024-01-12,RL
2024-01-22,12580.403671264648,concentrated,-0.0100940269730356,weekly_relative_trim,-0.0617692557044965,2024-01-19,ACI
2024-02-20,12018.462341308594,concentrated,-0.0539651603475174,weekly_relative_trim,-0.0734914795401145,2024-02-16,FDS
2024-02-22,24371.620666503903,concentrated,-0.2294320078828474,daily_hard_stop_exit,-0.2418456304077643,2024-02-21,PANW
2024-03-25,9383.411407470703,concentrated,-0.0420006610468725,weekly_relative_trim,-0.0602863956333656,2024-03-22,JBHT
2024-04-12,28020.912952423096,concentrated,-0.0876092239849372,daily_hard_stop_exit,-0.080282202998359,2024-04-11,FAST
2024-05-20,9260.71319580078,concentrated,-0.0180698733563743,weekly_relative_trim,-0.0720393645338631,2024-05-17,DKS
2024-05-28,7993.274642944336,concentrated,-0.0256395750299224,weekly_relative_trim,-0.0791757261932277,2024-05-24,AGCO
2024-05-28,8426.087951660156,concentrated,-0.0180577117622713,weekly_relative_trim,-0.0720104477617361,2024-05-24,ORLY
2024-06-17,27152.84280395508,concentrated,-0.0811270515602208,daily_hard_stop_exit,-0.1064867994820459,2024-06-14,CHRD
2024-06-17,9930.058616638184,concentrated,-0.0114672224577876,weekly_relative_trim,-0.088742532178049,2024-06-14,CMS
2024-06-17,7800.756591796875,concentrated,-0.0578149653503863,weekly_relative_trim,-0.0838180977910583,2024-06-14,DECK
2024-06-17,15866.732192993164,concentrated,-0.0425836189088656,weekly_relative_trim,-0.0690071175241244,2024-06-14,ETR
2024-06-17,6478.398193359375,concentrated,-0.0642413862831619,weekly_relative_trim,-0.0900671575171824,2024-06-14,EXE
2024-06-21,7677.763687133789,concentrated,-0.0893914195548085,daily_hard_stop_exit,-0.1213542858183038,2024-06-20,DECK
2024-06-24,24016.925415039062,concentrated,0.0228855579899824,weekly_relative_trim,-0.063093450444459,2024-06-21,CMG
2024-06-24,6489.880279541016,concentrated,-0.0941366860546777,daily_hard_stop_exit,-0.1247595506119255,2024-06-21,EXE
2024-08-06,19393.18426513672,concentrated,-0.0813599116382703,daily_hard_stop_exit,-0.0358521724177682,2024-08-05,TPL
2024-10-21,18985.712242126465,concentrated,-0.0682139365312883,weekly_relative_trim,-0.0936687371025931,2024-10-18,NRG
2024-10-28,8636.248107910156,concentrated,-0.0757945317525432,weekly_relative_trim,-0.0924257239702055,2024-10-25,TSCO
2024-10-29,8598.182846069336,concentrated,-0.0852138133382424,daily_hard_stop_exit,-0.1044441456859295,2024-10-28,TSCO
2024-11-05,26612.555770874023,concentrated,-0.1245642481133143,daily_hard_stop_exit,-0.1226745710113443,2024-11-04,CEG
2024-12-16,17314.432525634766,concentrated,-0.0546027109809675,weekly_relative_trim,-0.1065032946496913,2024-12-13,EXP
2024-12-19,16166.25259399414,concentrated,-0.1098925061450849,daily_hard_stop_exit,-0.1330303886763711,2024-12-18,EXP
2024-12-19,25647.98223876953,concentrated,-0.0857892347826043,daily_hard_stop_exit,-0.0587346500627055,2024-12-18,HLI
2025-01-10,22248.59023952484,concentrated,-0.0877483007149872,daily_hard_stop_exit,-0.0952537903198463,2025-01-08,ROIV
2025-01-27,6360.924346923828,concentrated,-0.0760805825767626,weekly_relative_trim,-0.111534689966847,2025-01-24,EXPE
2025-01-27,9010.1220703125,concentrated,-0.0382874797821554,weekly_relative_trim,-0.0751918443048601,2025-01-24,INTU
2025-01-28,6460.978179931641,concentrated,-0.0875195155729489,daily_hard_stop_exit,-0.1099445984502038,2025-01-27,EXPE
2025-02-24,14498.749732971191,concentrated,-0.0882254479794172,daily_hard_stop_exit,-0.0915233708302146,2025-02-21,PFGC
2025-03-10,21298.33659362793,concentrated,-0.0832150944559629,daily_hard_stop_exit,-0.0707189181848213,2025-03-07,SGI
2025-03-12,29931.751831054688,concentrated,-0.1231325725896157,daily_hard_stop_exit,-0.0778318685080461,2025-03-11,DKS
2025-03-14,24563.59130859375,concentrated,-0.0881721377376932,daily_hard_stop_exit,-0.0346781616707038,2025-03-13,SEIC
2025-04-04,16425.063110351562,concentrated,-0.1038708919727428,daily_hard_stop_exit,-0.0633473239204713,2025-04-03,DKS
2025-04-07,21735.958694458008,concentrated,-0.0857344779341402,daily_hard_stop_exit,0.015032220752716,2025-04-04,BKNG
2025-04-07,21536.759765625,concentrated,-0.1106640147474192,daily_hard_stop_exit,0.0244034991508965,2025-04-04,MELI
2025-04-08,15881.418380737305,concentrated,-0.0844819890304485,daily_hard_stop_exit,0.0182364298013772,2025-04-07,GLPI
2025-04-09,16631.529388427734,concentrated,-0.1101812897112543,daily_hard_stop_exit,0.0431266414052713,2025-04-08,CROX
2025-05-19,7527.275482177734,concentrated,-0.0223829985892453,weekly_relative_trim,-0.0770552053240122,2025-05-16,ETR
2025-06-16,14824.799690246582,concentrated,-0.0061482943198577,weekly_relative_trim,-0.0702908631571257,2025-06-13,CROX
2025-06-30,25957.43920898437,concentrated,-0.0290854094641647,weekly_relative_trim,-0.0837271925851227,2025-06-27,ORLY
2025-06-30,13045.831718444824,concentrated,-0.0255674971085801,weekly_relative_trim,-0.0635156467838736,2025-06-27,PPL
2025-07-14,750.260009765625,concentrated,-0.0590162365259095,weekly_relative_trim,-0.0680243298601616,2025-07-11,AXON
2025-07-14,31159.437118530277,concentrated,-0.0201868571475143,weekly_relative_exit,-0.1212186669560657,2025-07-11,ETR
2025-07-24,1418.52001953125,concentrated,-0.0904847090947247,daily_hard_stop_exit,-0.1142332645924417,2025-07-23,AXON
2025-08-04,11976.405258178713,concentrated,0.0476918524140113,weekly_relative_trim,-0.061667783393782,2025-08-01,BKNG
2025-08-08,17907.11949157715,concentrated,-0.2341192062884498,daily_hard_stop_exit,-0.2468748429907478,2025-08-07,CROX
2025-08-11,12901.9072265625,concentrated,-0.052180086766042,weekly_relative_trim,-0.0812313010785059,2025-08-08,PR
2025-08-25,9975.631256103516,concentrated,-0.0271300217329275,weekly_relative_trim,-0.0626945317366968,2025-08-22,RL
2025-09-15,25468.27980041504,concentrated,0.0262078529654898,weekly_relative_exit,-0.1308056923229065,2025-09-12,BKNG
2025-10-06,10771.099853515623,concentrated,-0.072615032112466,weekly_relative_trim,-0.1151730080288243,2025-10-03,MELI
2025-10-07,13125.42041015625,concentrated,-0.0805241199617066,daily_hard_stop_exit,-0.1258540329896813,2025-10-06,MELI
2025-10-20,8045.830486297607,concentrated,-0.0690365864217987,weekly_relative_trim,-0.0633475421708762,2025-10-17,AM
2025-10-29,7782.234287261963,concentrated,-0.0814106619018785,daily_hard_stop_exit,-0.1062918871162256,2025-10-28,AM
2025-11-07,18977.40087890625,concentrated,-0.0811905681866328,daily_hard_stop_exit,-0.0633300318091938,2025-11-06,MELI
2025-11-18,27081.20001220703,concentrated,-0.0876597606346835,daily_hard_stop_exit,-0.0634419067443028,2025-11-17,SSD
2025-12-22,18671.10433959961,concentrated,0.0006486931968949,weekly_relative_trim,-0.0640009564842012,2025-12-19,DKS
2026-01-08,26223.96519851685,concentrated,-0.1056817105233653,daily_hard_stop_exit,-0.120355130227582,2026-01-07,ACI
2026-01-20,36758.80126953125,concentrated,-0.0801526668578375,daily_hard_stop_exit,-0.0914435998423033,2026-01-16,APP
2026-03-06,9473.547668457031,concentrated,-0.1232808105222406,daily_hard_stop_exit,-0.116756635755811,2026-03-05,SCCO
2026-03-18,27026.930892944336,concentrated,-0.0998638831879707,daily_hard_stop_exit,-0.0789434993926732,2026-03-17,THC
2026-03-23,25715.09506225586,concentrated,-0.0891855612207273,daily_hard_stop_exit,-0.0387126304642381,2026-03-20,UDR
2026-04-20,17682.059532165527,concentrated,-0.0267974299383332,weekly_relative_trim,-0.0619209156065574,2026-04-17,PEG
2026-05-11,19251.600372314453,concentrated,-0.0052794050696375,weekly_relative_trim,-0.076900279566114,2026-05-08,BKNG
2026-05-11,17089.600067138672,concentrated,-0.0798834288907587,weekly_relative_exit,-0.1461327392975234,2026-05-08,PEG
